Y,M,D,Q (cms)
2000,10,1,307
2000,10,2,320
2000,10,3,311
2000,10,4,310
2000,10,5,309
2000,10,6,310
2000,10,7,310
2000,10,8,308
2000,10,9,306
2000,10,10,312
2000,10,11,369
2000,10,12,439
2000,10,13,445
2000,10,14,397
2000,10,15,392
2000,10,16,372
2000,10,17,361
2000,10,18,355
2000,10,19,351
2000,10,20,348
2000,10,21,458
2000,10,22,448
2000,10,23,390
2000,10,24,374
2000,10,25,365
2000,10,26,365
2000,10,27,410
2000,10,28,395
2000,10,29,544
2000,10,30,543
2000,10,31,485
2000,11,1,464
2000,11,2,440
2000,11,3,417
2000,11,4,417
2000,11,5,433
2000,11,6,403
2000,11,7,366
2000,11,8,400
2000,11,9,418
2000,11,10,404
2000,11,11,389
2000,11,12,358
2000,11,13,350
2000,11,14,385
2000,11,15,410
2000,11,16,347
2000,11,17,326
2000,11,18,308
2000,11,19,320
2000,11,20,361
2000,11,21,381
2000,11,22,402
2000,11,23,367
2000,11,24,405
2000,11,25,388
2000,11,26,405
2000,11,27,416
2000,11,28,376
2000,11,29,352
2000,11,30,434
2000,12,1,386
2000,12,2,342
2000,12,3,365
2000,12,4,378
2000,12,5,355
2000,12,6,356
2000,12,7,360
2000,12,8,392
2000,12,9,387
2000,12,10,360
2000,12,11,340
2000,12,12,335
2000,12,13,386
2000,12,14,405
2000,12,15,401
2000,12,16,333
2000,12,17,382
2000,12,18,340
2000,12,19,300
2000,12,20,340
2000,12,21,400
2000,12,22,422
2000,12,23,406
2000,12,24,409
2000,12,25,363
2000,12,26,288
2000,12,27,320
2000,12,28,340
2000,12,29,340
2000,12,30,340
2000,12,31,340
2001,1,1,320
2001,1,2,320
2001,1,3,321
2001,1,4,387
2001,1,5,400
2001,1,6,380
2001,1,7,300
2001,1,8,346
2001,1,9,488
2001,1,10,464
2001,1,11,418
2001,1,12,427
2001,1,13,411
2001,1,14,398
2001,1,15,362
2001,1,16,268
2001,1,17,238
2001,1,18,347
2001,1,19,420
2001,1,20,400
2001,1,21,380
2001,1,22,397
2001,1,23,380
2001,1,24,380
2001,1,25,394
2001,1,26,373
2001,1,27,336
2001,1,28,260
2001,1,29,280
2001,1,30,372
2001,1,31,399
2001,2,1,399
2001,2,2,388
2001,2,3,385
2001,2,4,381
2001,2,5,378
2001,2,6,363
2001,2,7,320
2001,2,8,260
2001,2,9,321
2001,2,10,396
2001,2,11,378
2001,2,12,360
2001,2,13,354
2001,2,14,347
2001,2,15,336
2001,2,16,364
2001,2,17,353
2001,2,18,355
2001,2,19,360
2001,2,20,370
2001,2,21,374
2001,2,22,381
2001,2,23,371
2001,2,24,366
2001,2,25,367
2001,2,26,351
2001,2,27,327
2001,2,28,326
2001,3,1,336
2001,3,2,405
2001,3,3,383
2001,3,4,378
2001,3,5,396
2001,3,6,408
2001,3,7,450
2001,3,8,509
2001,3,9,590
2001,3,10,587
2001,3,11,577
2001,3,12,554
2001,3,13,545
2001,3,14,548
2001,3,15,522
2001,3,16,535
2001,3,17,509
2001,3,18,497
2001,3,19,527
2001,3,20,679
2001,3,21,788
2001,3,22,806
2001,3,23,823
2001,3,24,877
2001,3,25,998
2001,3,26,1030
2001,3,27,886
2001,3,28,842
2001,3,29,793
2001,3,30,777
2001,3,31,756
2001,4,1,808
2001,4,2,820
2001,4,3,739
2001,4,4,733
2001,4,5,691
2001,4,6,686
2001,4,7,682
2001,4,8,661
2001,4,9,604
2001,4,10,622
2001,4,11,625
2001,4,12,625
2001,4,13,599
2001,4,14,581
2001,4,15,587
2001,4,16,620
2001,4,17,692
2001,4,18,798
2001,4,19,928
2001,4,20,979
2001,4,21,965
2001,4,22,944
2001,4,23,927
2001,4,24,909
2001,4,25,994
2001,4,26,1240
2001,4,27,1610
2001,4,28,1940
2001,4,29,1810
2001,4,30,1630
2001,5,1,1650
2001,5,2,1520
2001,5,3,1390
2001,5,4,1310
2001,5,5,1330
2001,5,6,1390
2001,5,7,1400
2001,5,8,1470
2001,5,9,1630
2001,5,10,1730
2001,5,11,1770
2001,5,12,1870
2001,5,13,2300
2001,5,14,2440
2001,5,15,3290
2001,5,16,3510
2001,5,17,2850
2001,5,18,2400
2001,5,19,2190
2001,5,20,2030
2001,5,21,1870
2001,5,22,1770
2001,5,23,1800
2001,5,24,1920
2001,5,25,2040
2001,5,26,2110
2001,5,27,2010
2001,5,28,1820
2001,5,29,1640
2001,5,30,1450
2001,5,31,1310
2001,6,1,1250
2001,6,2,1230
2001,6,3,1190
2001,6,4,1180
2001,6,5,1100
2001,6,6,1010
2001,6,7,944
2001,6,8,886
2001,6,9,866
2001,6,10,871
2001,6,11,869
2001,6,12,992
2001,6,13,909
2001,6,14,826
2001,6,15,772
2001,6,16,730
2001,6,17,705
2001,6,18,689
2001,6,19,671
2001,6,20,658
2001,6,21,654
2001,6,22,640
2001,6,23,630
2001,6,24,626
2001,6,25,605
2001,6,26,601
2001,6,27,583
2001,6,28,608
2001,6,29,575
2001,6,30,550
2001,7,1,537
2001,7,2,519
2001,7,3,504
2001,7,4,491
2001,7,5,482
2001,7,6,477
2001,7,7,472
2001,7,8,505
2001,7,9,501
2001,7,10,553
2001,7,11,581
2001,7,12,533
2001,7,13,496
2001,7,14,469
2001,7,15,482
2001,7,16,501
2001,7,17,486
2001,7,18,458
2001,7,19,448
2001,7,20,440
2001,7,21,431
2001,7,22,420
2001,7,23,412
2001,7,24,402
2001,7,25,381
2001,7,26,358
2001,7,27,351
2001,7,28,346
2001,7,29,343
2001,7,30,368
2001,7,31,474
2001,8,1,388
2001,8,2,344
2001,8,3,325
2001,8,4,320
2001,8,5,313
2001,8,6,305
2001,8,7,297
2001,8,8,291
2001,8,9,287
2001,8,10,298
2001,8,11,290
2001,8,12,283
2001,8,13,282
2001,8,14,282
2001,8,15,284
2001,8,16,279
2001,8,17,272
2001,8,18,264
2001,8,19,260
2001,8,20,260
2001,8,21,259
2001,8,22,258
2001,8,23,260
2001,8,24,261
2001,8,25,259
2001,8,26,256
2001,8,27,251
2001,8,28,247
2001,8,29,247
2001,8,30,248
2001,8,31,248
2001,9,1,248
2001,9,2,245
2001,9,3,244
2001,9,4,243
2001,9,5,247
2001,9,6,323
2001,9,7,382
2001,9,8,317
2001,9,9,300
2001,9,10,290
2001,9,11,294
2001,9,12,267
2001,9,13,277
2001,9,14,346
2001,9,15,304
2001,9,16,296
2001,9,17,303
2001,9,18,294
2001,9,19,280
2001,9,20,268
2001,9,21,265
2001,9,22,261
2001,9,23,258
2001,9,24,254
2001,9,25,252
2001,9,26,259
2001,9,27,259
2001,9,28,254
2001,9,29,252
2001,9,30,252
2001,10,1,253
2001,10,2,250
2001,10,3,250
2001,10,4,248
2001,10,5,248
2001,10,6,251
2001,10,7,253
2001,10,8,249
2001,10,9,253
2001,10,10,259
2001,10,11,322
2001,10,12,343
2001,10,13,302
2001,10,14,326
2001,10,15,308
2001,10,16,297
2001,10,17,294
2001,10,18,303
2001,10,19,293
2001,10,20,290
2001,10,21,286
2001,10,22,288
2001,10,23,427
2001,10,24,427
2001,10,25,351
2001,10,26,337
2001,10,27,334
2001,10,28,330
2001,10,29,360
2001,10,30,372
2001,10,31,535
2001,11,1,612
2001,11,2,518
2001,11,3,468
2001,11,4,441
2001,11,5,413
2001,11,6,402
2001,11,7,390
2001,11,8,372
2001,11,9,348
2001,11,10,356
2001,11,11,355
2001,11,12,353
2001,11,13,350
2001,11,14,346
2001,11,15,341
2001,11,16,336
2001,11,17,337
2001,11,18,368
2001,11,19,343
2001,11,20,337
2001,11,21,395
2001,11,22,470
2001,11,23,460
2001,11,24,387
2001,11,25,377
2001,11,26,380
2001,11,27,310
2001,11,28,235
2001,11,29,373
2001,11,30,419
2001,12,1,381
2001,12,2,400
2001,12,3,419
2001,12,4,389
2001,12,5,390
2001,12,6,403
2001,12,7,395
2001,12,8,349
2001,12,9,368
2001,12,10,390
2001,12,11,360
2001,12,12,367
2001,12,13,408
2001,12,14,406
2001,12,15,367
2001,12,16,364
2001,12,17,441
2001,12,18,391
2001,12,19,406
2001,12,20,435
2001,12,21,416
2001,12,22,319
2001,12,23,258
2001,12,24,234
2001,12,25,212
2001,12,26,240
2001,12,27,280
2001,12,28,320
2001,12,29,380
2001,12,30,380
2001,12,31,380
2002,1,1,420
2002,1,2,400
2002,1,3,420
2002,1,4,380
2002,1,5,328
2002,1,6,386
2002,1,7,461
2002,1,8,468
2002,1,9,465
2002,1,10,415
2002,1,11,416
2002,1,12,440
2002,1,13,409
2002,1,14,374
2002,1,15,398
2002,1,16,307
2002,1,17,321
2002,1,18,340
2002,1,19,360
2002,1,20,392
2002,1,21,406
2002,1,22,375
2002,1,23,376
2002,1,24,379
2002,1,25,386
2002,1,26,397
2002,1,27,392
2002,1,28,295
2002,1,29,212
2002,1,30,301
2002,1,31,417
2002,2,1,437
2002,2,2,402
2002,2,3,351
2002,2,4,336
2002,2,5,324
2002,2,6,336
2002,2,7,454
2002,2,8,425
2002,2,9,372
2002,2,10,333
2002,2,11,380
2002,2,12,374
2002,2,13,363
2002,2,14,394
2002,2,15,369
2002,2,16,388
2002,2,17,436
2002,2,18,453
2002,2,19,469
2002,2,20,476
2002,2,21,456
2002,2,22,470
2002,2,23,537
2002,2,24,592
2002,2,25,518
2002,2,26,451
2002,2,27,476
2002,2,28,524
2002,3,1,460
2002,3,2,421
2002,3,3,415
2002,3,4,450
2002,3,5,489
2002,3,6,513
2002,3,7,567
2002,3,8,523
2002,3,9,491
2002,3,10,536
2002,3,11,514
2002,3,12,631
2002,3,13,739
2002,3,14,642
2002,3,15,601
2002,3,16,593
2002,3,17,549
2002,3,18,542
2002,3,19,533
2002,3,20,525
2002,3,21,543
2002,3,22,647
2002,3,23,885
2002,3,24,963
2002,3,25,1030
2002,3,26,1130
2002,3,27,1190
2002,3,28,1210
2002,3,29,1210
2002,3,30,1330
2002,3,31,1600
2002,4,1,1850
2002,4,2,2090
2002,4,3,1920
2002,4,4,2040
2002,4,5,2320
2002,4,6,2770
2002,4,7,3110
2002,4,8,2660
2002,4,9,2640
2002,4,10,2620
2002,4,11,2570
2002,4,12,2530
2002,4,13,2980
2002,4,14,5400
2002,4,15,7100
2002,4,16,4420
2002,4,17,3470
2002,4,18,2790
2002,4,19,2400
2002,4,20,2210
2002,4,21,2080
2002,4,22,2010
2002,4,23,2190
2002,4,24,2100
2002,4,25,2110
2002,4,26,2250
2002,4,27,2280
2002,4,28,2290
2002,4,29,2360
2002,4,30,2690
2002,5,1,2940
2002,5,2,3160
2002,5,3,3310
2002,5,4,3220
2002,5,5,3130
2002,5,6,2900
2002,5,7,2730
2002,5,8,2490
2002,5,9,2300
2002,5,10,2140
2002,5,11,2060
2002,5,12,2120
2002,5,13,2390
2002,5,14,2850
2002,5,15,3290
2002,5,16,3240
2002,5,17,3250
2002,5,18,3430
2002,5,19,4230
2002,5,20,5350
2002,5,21,4650
2002,5,22,3800
2002,5,23,3140
2002,5,24,2720
2002,5,25,2480
2002,5,26,2420
2002,5,27,2570
2002,5,28,3030
2002,5,29,3570
2002,5,30,4320
2002,5,31,5300
2002,6,1,5110
2002,6,2,4520
2002,6,3,3870
2002,6,4,3420
2002,6,5,3120
2002,6,6,3160
2002,6,7,3060
2002,6,8,2800
2002,6,9,2460
2002,6,10,2200
2002,6,11,1970
2002,6,12,1820
2002,6,13,1780
2002,6,14,1890
2002,6,15,2130
2002,6,16,2340
2002,6,17,2380
2002,6,18,2350
2002,6,19,2190
2002,6,20,1900
2002,6,21,1770
2002,6,22,1950
2002,6,23,1900
2002,6,24,1740
2002,6,25,1690
2002,6,26,1620
2002,6,27,1520
2002,6,28,1400
2002,6,29,1310
2002,6,30,1200
2002,7,1,1090
2002,7,2,999
2002,7,3,918
2002,7,4,865
2002,7,5,822
2002,7,6,779
2002,7,7,749
2002,7,8,721
2002,7,9,679
2002,7,10,648
2002,7,11,620
2002,7,12,603
2002,7,13,588
2002,7,14,581
2002,7,15,584
2002,7,16,580
2002,7,17,576
2002,7,18,563
2002,7,19,598
2002,7,20,593
2002,7,21,559
2002,7,22,535
2002,7,23,530
2002,7,24,500
2002,7,25,484
2002,7,26,474
2002,7,27,467
2002,7,28,459
2002,7,29,453
2002,7,30,444
2002,7,31,436
2002,8,1,427
2002,8,2,423
2002,8,3,417
2002,8,4,423
2002,8,5,414
2002,8,6,409
2002,8,7,402
2002,8,8,403
2002,8,9,400
2002,8,10,392
2002,8,11,381
2002,8,12,370
2002,8,13,363
2002,8,14,357
2002,8,15,351
2002,8,16,346
2002,8,17,341
2002,8,18,339
2002,8,19,339
2002,8,20,336
2002,8,21,336
2002,8,22,347
2002,8,23,344
2002,8,24,347
2002,8,25,343
2002,8,26,340
2002,8,27,363
2002,8,28,375
2002,8,29,358
2002,8,30,353
2002,8,31,356
2002,9,1,337
2002,9,2,330
2002,9,3,325
2002,9,4,317
2002,9,5,325
2002,9,6,329
2002,9,7,361
2002,9,8,370
2002,9,9,345
2002,9,10,336
2002,9,11,327
2002,9,12,320
2002,9,13,314
2002,9,14,309
2002,9,15,306
2002,9,16,302
2002,9,17,315
2002,9,18,364
2002,9,19,344
2002,9,20,328
2002,9,21,321
2002,9,22,320
2002,9,23,317
2002,9,24,314
2002,9,25,311
2002,9,26,310
2002,9,27,312
2002,9,28,318
2002,9,29,320
2002,9,30,328
2002,10,1,335
2002,10,2,334
2002,10,3,333
2002,10,4,333
2002,10,5,330
2002,10,6,326
2002,10,7,325
2002,10,8,323
2002,10,9,322
2002,10,10,322
2002,10,11,321
2002,10,12,320
2002,10,13,321
2002,10,14,324
2002,10,15,325
2002,10,16,325
2002,10,17,324
2002,10,18,322
2002,10,19,320
2002,10,20,319
2002,10,21,318
2002,10,22,314
2002,10,23,374
2002,10,24,367
2002,10,25,338
2002,10,26,326
2002,10,27,321
2002,10,28,327
2002,10,29,326
2002,10,30,346
2002,10,31,306
2002,11,1,240
2002,11,2,237
2002,11,3,277
2002,11,4,316
2002,11,5,338
2002,11,6,368
2002,11,7,374
2002,11,8,443
2002,11,9,448
2002,11,10,416
2002,11,11,382
2002,11,12,362
2002,11,13,363
2002,11,14,366
2002,11,15,346
2002,11,16,342
2002,11,17,350
2002,11,18,337
2002,11,19,338
2002,11,20,341
2002,11,21,350
2002,11,22,374
2002,11,23,382
2002,11,24,389
2002,11,25,347
2002,11,26,291
2002,11,27,311
2002,11,28,331
2002,11,29,338
2002,11,30,341
2002,12,1,344
2002,12,2,326
2002,12,3,314
2002,12,4,331
2002,12,5,354
2002,12,6,325
2002,12,7,296
2002,12,8,225
2002,12,9,219
2002,12,10,324
2002,12,11,375
2002,12,12,385
2002,12,13,370
2002,12,14,421
2002,12,15,481
2002,12,16,439
2002,12,17,416
2002,12,18,351
2002,12,19,321
2002,12,20,332
2002,12,21,376
2002,12,22,365
2002,12,23,326
2002,12,24,264
2002,12,25,260
2002,12,26,280
2002,12,27,380
2002,12,28,478
2002,12,29,509
2002,12,30,432
2002,12,31,438
2003,1,1,409
2003,1,2,387
2003,1,3,398
2003,1,4,412
2003,1,5,426
2003,1,6,387
2003,1,7,331
2003,1,8,312
2003,1,9,319
2003,1,10,380
2003,1,11,420
2003,1,12,435
2003,1,13,429
2003,1,14,495
2003,1,15,573
2003,1,16,486
2003,1,17,448
2003,1,18,393
2003,1,19,373
2003,1,20,394
2003,1,21,440
2003,1,22,457
2003,1,23,519
2003,1,24,545
2003,1,25,503
2003,1,26,500
2003,1,27,1090
2003,1,28,1460
2003,1,29,929
2003,1,30,944
2003,1,31,1630
2003,2,1,1760
2003,2,2,1500
2003,2,3,1140
2003,2,4,944
2003,2,5,714
2003,2,6,652
2003,2,7,577
2003,2,8,624
2003,2,9,564
2003,2,10,577
2003,2,11,527
2003,2,12,507
2003,2,13,550
2003,2,14,578
2003,2,15,538
2003,2,16,549
2003,2,17,555
2003,2,18,525
2003,2,19,496
2003,2,20,504
2003,2,21,497
2003,2,22,500
2003,2,23,481
2003,2,24,422
2003,2,25,408
2003,2,26,442
2003,2,27,474
2003,2,28,455
2003,3,1,457
2003,3,2,427
2003,3,3,457
2003,3,4,432
2003,3,5,425
2003,3,6,443
2003,3,7,447
2003,3,8,433
2003,3,9,455
2003,3,10,489
2003,3,11,538
2003,3,12,548
2003,3,13,644
2003,3,14,910
2003,3,15,1230
2003,3,16,1360
2003,3,17,1250
2003,3,18,1130
2003,3,19,1070
2003,3,20,1110
2003,3,21,1040
2003,3,22,1050
2003,3,23,2020
2003,3,24,1830
2003,3,25,1620
2003,3,26,1680
2003,3,27,1580
2003,3,28,1370
2003,3,29,1270
2003,3,30,1230
2003,3,31,1270
2003,4,1,1490
2003,4,2,1620
2003,4,3,1480
2003,4,4,1350
2003,4,5,1260
2003,4,6,1180
2003,4,7,1070
2003,4,8,1040
2003,4,9,1150
2003,4,10,1490
2003,4,11,2020
2003,4,12,2610
2003,4,13,2650
2003,4,14,2630
2003,4,15,2330
2003,4,16,2110
2003,4,17,1950
2003,4,18,1890
2003,4,19,1800
2003,4,20,1910
2003,4,21,2100
2003,4,22,2360
2003,4,23,2700
2003,4,24,2630
2003,4,25,2870
2003,4,26,2640
2003,4,27,2350
2003,4,28,2160
2003,4,29,2060
2003,4,30,2050
2003,5,1,2020
2003,5,2,2040
2003,5,3,2210
2003,5,4,2710
2003,5,5,2870
2003,5,6,2690
2003,5,7,2480
2003,5,8,2330
2003,5,9,2220
2003,5,10,2090
2003,5,11,2130
2003,5,12,2140
2003,5,13,2270
2003,5,14,2460
2003,5,15,2950
2003,5,16,3540
2003,5,17,3460
2003,5,18,3230
2003,5,19,2860
2003,5,20,2720
2003,5,21,2780
2003,5,22,3280
2003,5,23,4270
2003,5,24,5790
2003,5,25,6550
2003,5,26,6650
2003,5,27,6410
2003,5,28,6700
2003,5,29,8030
2003,5,30,8510
2003,5,31,7800
2003,6,1,6190
2003,6,2,5340
2003,6,3,5000
2003,6,4,4570
2003,6,5,4250
2003,6,6,4190
2003,6,7,4310
2003,6,8,4300
2003,6,9,4410
2003,6,10,4200
2003,6,11,3800
2003,6,12,3460
2003,6,13,3190
2003,6,14,3130
2003,6,15,3170
2003,6,16,2840
2003,6,17,2960
2003,6,18,3100
2003,6,19,3030
2003,6,20,2920
2003,6,21,2550
2003,6,22,2130
2003,6,23,1870
2003,6,24,1700
2003,6,25,1580
2003,6,26,1550
2003,6,27,1580
2003,6,28,1640
2003,6,29,1630
2003,6,30,1620
2003,7,1,1530
2003,7,2,1430
2003,7,3,1330
2003,7,4,1240
2003,7,5,1160
2003,7,6,1100
2003,7,7,1040
2003,7,8,982
2003,7,9,934
2003,7,10,866
2003,7,11,811
2003,7,12,774
2003,7,13,740
2003,7,14,713
2003,7,15,683
2003,7,16,650
2003,7,17,628
2003,7,18,621
2003,7,19,601
2003,7,20,590
2003,7,21,570
2003,7,22,554
2003,7,23,544
2003,7,24,540
2003,7,25,546
2003,7,26,548
2003,7,27,593
2003,7,28,548
2003,7,29,514
2003,7,30,490
2003,7,31,472
2003,8,1,460
2003,8,2,458
2003,8,3,485
2003,8,4,538
2003,8,5,497
2003,8,6,468
2003,8,7,452
2003,8,8,440
2003,8,9,430
2003,8,10,417
2003,8,11,408
2003,8,12,402
2003,8,13,400
2003,8,14,394
2003,8,15,384
2003,8,16,395
2003,8,17,381
2003,8,18,378
2003,8,19,373
2003,8,20,365
2003,8,21,360
2003,8,22,399
2003,8,23,582
2003,8,24,446
2003,8,25,405
2003,8,26,388
2003,8,27,392
2003,8,28,388
2003,8,29,376
2003,8,30,376
2003,8,31,366
2003,9,1,360
2003,9,2,355
2003,9,3,349
2003,9,4,343
2003,9,5,342
2003,9,6,344
2003,9,7,362
2003,9,8,371
2003,9,9,385
2003,9,10,385
2003,9,11,378
2003,9,12,367
2003,9,13,353
2003,9,14,354
2003,9,15,351
2003,9,16,354
2003,9,17,350
2003,9,18,356
2003,9,19,355
2003,9,20,348
2003,9,21,342
2003,9,22,338
2003,9,23,334
2003,9,24,329
2003,9,25,327
2003,9,26,325
2003,9,27,324
2003,9,28,323
2003,9,29,322
2003,9,30,320
2003,10,1,313
2003,10,2,316
2003,10,3,339
2003,10,4,327
2003,10,5,320
2003,10,6,318
2003,10,7,318
2003,10,8,316
2003,10,9,314
2003,10,10,314
2003,10,11,320
2003,10,12,325
2003,10,13,328
2003,10,14,326
2003,10,15,324
2003,10,16,378
2003,10,17,359
2003,10,18,342
2003,10,19,327
2003,10,20,321
2003,10,21,319
2003,10,22,317
2003,10,23,315
2003,10,24,312
2003,10,25,314
2003,10,26,316
2003,10,27,318
2003,10,28,318
2003,10,29,320
2003,10,30,326
2003,10,31,319
2003,11,1,296
2003,11,2,277
2003,11,3,345
2003,11,4,329
2003,11,5,263
2003,11,6,273
2003,11,7,270
2003,11,8,331
2003,11,9,366
2003,11,10,365
2003,11,11,371
2003,11,12,348
2003,11,13,312
2003,11,14,308
2003,11,15,328
2003,11,16,356
2003,11,17,377
2003,11,18,349
2003,11,19,343
2003,11,20,352
2003,11,21,320
2003,11,22,252
2003,11,23,183
2003,11,24,310
2003,11,25,323
2003,11,26,356
2003,11,27,327
2003,11,28,312
2003,11,29,369
2003,11,30,392
2003,12,1,375
2003,12,2,361
2003,12,3,351
2003,12,4,345
2003,12,5,336
2003,12,6,423
2003,12,7,596
2003,12,8,461
2003,12,9,373
2003,12,10,378
2003,12,11,373
2003,12,12,347
2003,12,13,384
2003,12,14,406
2003,12,15,381
2003,12,16,294
2003,12,17,343
2003,12,18,310
2003,12,19,275
2003,12,20,360
2003,12,21,418
2003,12,22,338
2003,12,23,254
2003,12,24,382
2003,12,25,387
2003,12,26,335
2003,12,27,289
2003,12,28,266
2003,12,29,326
2003,12,30,353
2003,12,31,365
2004,1,1,380
2004,1,2,356
2004,1,3,341
2004,1,4,300
2004,1,5,280
2004,1,6,290
2004,1,7,380
2004,1,8,420
2004,1,9,400
2004,1,10,376
2004,1,11,350
2004,1,12,330
2004,1,13,320
2004,1,14,320
2004,1,15,300
2004,1,16,320
2004,1,17,320
2004,1,18,300
2004,1,19,330
2004,1,20,330
2004,1,21,290
2004,1,22,290
2004,1,23,300
2004,1,24,340
2004,1,25,350
2004,1,26,366
2004,1,27,363
2004,1,28,366
2004,1,29,377
2004,1,30,388
2004,1,31,380
2004,2,1,359
2004,2,2,330
2004,2,3,371
2004,2,4,376
2004,2,5,358
2004,2,6,318
2004,2,7,366
2004,2,8,367
2004,2,9,328
2004,2,10,293
2004,2,11,325
2004,2,12,281
2004,2,13,277
2004,2,14,357
2004,2,15,389
2004,2,16,374
2004,2,17,413
2004,2,18,489
2004,2,19,584
2004,2,20,559
2004,2,21,523
2004,2,22,514
2004,2,23,534
2004,2,24,548
2004,2,25,533
2004,2,26,545
2004,2,27,529
2004,2,28,528
2004,2,29,536
2004,3,1,542
2004,3,2,542
2004,3,3,514
2004,3,4,514
2004,3,5,491
2004,3,6,491
2004,3,7,464
2004,3,8,482
2004,3,9,593
2004,3,10,838
2004,3,11,1010
2004,3,12,1090
2004,3,13,1220
2004,3,14,1240
2004,3,15,1130
2004,3,16,1130
2004,3,17,1230
2004,3,18,1420
2004,3,19,1560
2004,3,20,1600
2004,3,21,1630
2004,3,22,1920
2004,3,23,2210
2004,3,24,2500
2004,3,25,2190
2004,3,26,2200
2004,3,27,1870
2004,3,28,1580
2004,3,29,1430
2004,3,30,1480
2004,3,31,1730
2004,4,1,1750
2004,4,2,1670
2004,4,3,1830
2004,4,4,2320
2004,4,5,2700
2004,4,6,2990
2004,4,7,3090
2004,4,8,3040
2004,4,9,2970
2004,4,10,2660
2004,4,11,2430
2004,4,12,2330
2004,4,13,2370
2004,4,14,2450
2004,4,15,2250
2004,4,16,2010
2004,4,17,1840
2004,4,18,1680
2004,4,19,1560
2004,4,20,1500
2004,4,21,1420
2004,4,22,1350
2004,4,23,1300
2004,4,24,1310
2004,4,25,1350
2004,4,26,1440
2004,4,27,1670
2004,4,28,2010
2004,4,29,1940
2004,4,30,1820
2004,5,1,1840
2004,5,2,2050
2004,5,3,2430
2004,5,4,2910
2004,5,5,3400
2004,5,6,3410
2004,5,7,3180
2004,5,8,3010
2004,5,9,2780
2004,5,10,2560
2004,5,11,2510
2004,5,12,2160
2004,5,13,1940
2004,5,14,1760
2004,5,15,1640
2004,5,16,1750
2004,5,17,1700
2004,5,18,1900
2004,5,19,2090
2004,5,20,2020
2004,5,21,2060
2004,5,22,2160
2004,5,23,2130
2004,5,24,2030
2004,5,25,1920
2004,5,26,1840
2004,5,27,1940
2004,5,28,2950
2004,5,29,3320
2004,5,30,2950
2004,5,31,2680
2004,6,1,2500
2004,6,2,2500
2004,6,3,2660
2004,6,4,3110
2004,6,5,3430
2004,6,6,3510
2004,6,7,2930
2004,6,8,2560
2004,6,9,2490
2004,6,10,2360
2004,6,11,2190
2004,6,12,1980
2004,6,13,1880
2004,6,14,1890
2004,6,15,1920
2004,6,16,1890
2004,6,17,1820
2004,6,18,1750
2004,6,19,1720
2004,6,20,1710
2004,6,21,1630
2004,6,22,1590
2004,6,23,1600
2004,6,24,1580
2004,6,25,1580
2004,6,26,1550
2004,6,27,1540
2004,6,28,1480
2004,6,29,1430
2004,6,30,1460
2004,7,1,1400
2004,7,2,1280
2004,7,3,1160
2004,7,4,1090
2004,7,5,1010
2004,7,6,944
2004,7,7,895
2004,7,8,847
2004,7,9,804
2004,7,10,776
2004,7,11,731
2004,7,12,700
2004,7,13,670
2004,7,14,638
2004,7,15,619
2004,7,16,648
2004,7,17,617
2004,7,18,635
2004,7,19,696
2004,7,20,693
2004,7,21,632
2004,7,22,595
2004,7,23,574
2004,7,24,559
2004,7,25,547
2004,7,26,547
2004,7,27,535
2004,7,28,514
2004,7,29,498
2004,7,30,486
2004,7,31,475
2004,8,1,463
2004,8,2,454
2004,8,3,468
2004,8,4,452
2004,8,5,439
2004,8,6,427
2004,8,7,424
2004,8,8,419
2004,8,9,413
2004,8,10,402
2004,8,11,394
2004,8,12,388
2004,8,13,380
2004,8,14,373
2004,8,15,379
2004,8,16,399
2004,8,17,452
2004,8,18,514
2004,8,19,454
2004,8,20,422
2004,8,21,408
2004,8,22,411
2004,8,23,478
2004,8,24,493
2004,8,25,498
2004,8,26,539
2004,8,27,486
2004,8,28,451
2004,8,29,427
2004,8,30,412
2004,8,31,399
2004,9,1,382
2004,9,2,373
2004,9,3,375
2004,9,4,375
2004,9,5,374
2004,9,6,368
2004,9,7,363
2004,9,8,359
2004,9,9,349
2004,9,10,348
2004,9,11,340
2004,9,12,357
2004,9,13,470
2004,9,14,475
2004,9,15,456
2004,9,16,472
2004,9,17,441
2004,9,18,419
2004,9,19,520
2004,9,20,489
2004,9,21,466
2004,9,22,449
2004,9,23,438
2004,9,24,428
2004,9,25,417
2004,9,26,408
2004,9,27,401
2004,9,28,396
2004,9,29,392
2004,9,30,402
2004,10,1,393
2004,10,2,388
2004,10,3,383
2004,10,4,379
2004,10,5,376
2004,10,6,372
2004,10,7,372
2004,10,8,368
2004,10,9,366
2004,10,10,366
2004,10,11,369
2004,10,12,366
2004,10,13,361
2004,10,14,362
2004,10,15,362
2004,10,16,361
2004,10,17,364
2004,10,18,467
2004,10,19,447
2004,10,20,439
2004,10,21,424
2004,10,22,405
2004,10,23,426
2004,10,24,452
2004,10,25,411
2004,10,26,403
2004,10,27,414
2004,10,28,455
2004,10,29,520
2004,10,30,481
2004,10,31,470
2004,11,1,418
2004,11,2,431
2004,11,3,464
2004,11,4,464
2004,11,5,447
2004,11,6,444
2004,11,7,436
2004,11,8,432
2004,11,9,443
2004,11,10,441
2004,11,11,450
2004,11,12,454
2004,11,13,441
2004,11,14,428
2004,11,15,416
2004,11,16,412
2004,11,17,408
2004,11,18,395
2004,11,19,389
2004,11,20,353
2004,11,21,307
2004,11,22,325
2004,11,23,401
2004,11,24,395
2004,11,25,412
2004,11,26,406
2004,11,27,364
2004,11,28,326
2004,11,29,222
2004,11,30,215
2004,12,1,260
2004,12,2,240
2004,12,3,280
2004,12,4,315
2004,12,5,292
2004,12,6,373
2004,12,7,409
2004,12,8,427
2004,12,9,437
2004,12,10,469
2004,12,11,520
2004,12,12,484
2004,12,13,475
2004,12,14,465
2004,12,15,454
2004,12,16,417
2004,12,17,388
2004,12,18,395
2004,12,19,365
2004,12,20,395
2004,12,21,350
2004,12,22,314
2004,12,23,305
2004,12,24,268
2004,12,25,365
2004,12,26,402
2004,12,27,413
2004,12,28,371
2004,12,29,413
2004,12,30,414
2004,12,31,386
2005,1,1,373
2005,1,2,341
2005,1,3,314
2005,1,4,260
2005,1,5,240
2005,1,6,320
2005,1,7,360
2005,1,8,380
2005,1,9,382
2005,1,10,342
2005,1,11,322
2005,1,12,308
2005,1,13,340
2005,1,14,290
2005,1,15,240
2005,1,16,320
2005,1,17,400
2005,1,18,402
2005,1,19,425
2005,1,20,417
2005,1,21,409
2005,1,22,411
2005,1,23,413
2005,1,24,413
2005,1,25,429
2005,1,26,452
2005,1,27,453
2005,1,28,452
2005,1,29,463
2005,1,30,446
2005,1,31,422
2005,2,1,407
2005,2,2,391
2005,2,3,406
2005,2,4,410
2005,2,5,428
2005,2,6,374
2005,2,7,413
2005,2,8,367
2005,2,9,338
2005,2,10,353
2005,2,11,341
2005,2,12,428
2005,2,13,419
2005,2,14,396
2005,2,15,300
2005,2,16,260
2005,2,17,301
2005,2,18,363
2005,2,19,447
2005,2,20,418
2005,2,21,398
2005,2,22,379
2005,2,23,372
2005,2,24,380
2005,2,25,396
2005,2,26,412
2005,2,27,428
2005,2,28,451
2005,3,1,450
2005,3,2,446
2005,3,3,450
2005,3,4,450
2005,3,5,454
2005,3,6,481
2005,3,7,503
2005,3,8,545
2005,3,9,600
2005,3,10,666
2005,3,11,713
2005,3,12,749
2005,3,13,738
2005,3,14,652
2005,3,15,627
2005,3,16,592
2005,3,17,567
2005,3,18,519
2005,3,19,529
2005,3,20,597
2005,3,21,609
2005,3,22,576
2005,3,23,608
2005,3,24,649
2005,3,25,596
2005,3,26,535
2005,3,27,594
2005,3,28,921
2005,3,29,1050
2005,3,30,921
2005,3,31,786
2005,4,1,817
2005,4,2,818
2005,4,3,894
2005,4,4,934
2005,4,5,883
2005,4,6,859
2005,4,7,1120
2005,4,8,1400
2005,4,9,1300
2005,4,10,1170
2005,4,11,1150
2005,4,12,1130
2005,4,13,1220
2005,4,14,1210
2005,4,15,1110
2005,4,16,1100
2005,4,17,1260
2005,4,18,1320
2005,4,19,1250
2005,4,20,1220
2005,4,21,1280
2005,4,22,1270
2005,4,23,1410
2005,4,24,1600
2005,4,25,1630
2005,4,26,1970
2005,4,27,2220
2005,4,28,2310
2005,4,29,2170
2005,4,30,1960
2005,5,1,1790
2005,5,2,1710
2005,5,3,1720
2005,5,4,1780
2005,5,5,1800
2005,5,6,2300
2005,5,7,2580
2005,5,8,2560
2005,5,9,2690
2005,5,10,2710
2005,5,11,2470
2005,5,12,2270
2005,5,13,2130
2005,5,14,2080
2005,5,15,2290
2005,5,16,3350
2005,5,17,4420
2005,5,18,3920
2005,5,19,5690
2005,5,20,6140
2005,5,21,5020
2005,5,22,4290
2005,5,23,4220
2005,5,24,3820
2005,5,25,3530
2005,5,26,3260
2005,5,27,3280
2005,5,28,3450
2005,5,29,3650
2005,5,30,3280
2005,5,31,3040
2005,6,1,3500
2005,6,2,2930
2005,6,3,2500
2005,6,4,2270
2005,6,5,2240
2005,6,6,2220
2005,6,7,2030
2005,6,8,1900
2005,6,9,1760
2005,6,10,1640
2005,6,11,1590
2005,6,12,1640
2005,6,13,1530
2005,6,14,1530
2005,6,15,1650
2005,6,16,1810
2005,6,17,1930
2005,6,18,1780
2005,6,19,1590
2005,6,20,1520
2005,6,21,1620
2005,6,22,1700
2005,6,23,1650
2005,6,24,1530
2005,6,25,1440
2005,6,26,1400
2005,6,27,1380
2005,6,28,1480
2005,6,29,1370
2005,6,30,1240
2005,7,1,1160
2005,7,2,1110
2005,7,3,1050
2005,7,4,998
2005,7,5,943
2005,7,6,900
2005,7,7,865
2005,7,8,834
2005,7,9,808
2005,7,10,828
2005,7,11,798
2005,7,12,734
2005,7,13,691
2005,7,14,659
2005,7,15,635
2005,7,16,600
2005,7,17,574
2005,7,18,560
2005,7,19,538
2005,7,20,517
2005,7,21,497
2005,7,22,487
2005,7,23,474
2005,7,24,458
2005,7,25,448
2005,7,26,441
2005,7,27,435
2005,7,28,426
2005,7,29,423
2005,7,30,422
2005,7,31,445
2005,8,1,423
2005,8,2,417
2005,8,3,402
2005,8,4,393
2005,8,5,383
2005,8,6,375
2005,8,7,371
2005,8,8,368
2005,8,9,368
2005,8,10,364
2005,8,11,351
2005,8,12,348
2005,8,13,346
2005,8,14,347
2005,8,15,344
2005,8,16,338
2005,8,17,341
2005,8,18,339
2005,8,19,335
2005,8,20,330
2005,8,21,323
2005,8,22,323
2005,8,23,321
2005,8,24,317
2005,8,25,317
2005,8,26,315
2005,8,27,311
2005,8,28,306
2005,8,29,303
2005,8,30,301
2005,8,31,307
2005,9,1,308
2005,9,2,303
2005,9,3,300
2005,9,4,293
2005,9,5,295
2005,9,6,297
2005,9,7,294
2005,9,8,292
2005,9,9,290
2005,9,10,304
2005,9,11,320
2005,9,12,318
2005,9,13,319
2005,9,14,315
2005,9,15,311
2005,9,16,307
2005,9,17,327
2005,9,18,343
2005,9,19,327
2005,9,20,317
2005,9,21,310
2005,9,22,309
2005,9,23,307
2005,9,24,324
2005,9,25,343
2005,9,26,328
2005,9,27,320
2005,9,28,313
2005,9,29,311
2005,9,30,310
2005,10,1,308
2005,10,2,329
2005,10,3,336
2005,10,4,341
2005,10,5,329
2005,10,6,327
2005,10,7,326
2005,10,8,336
2005,10,9,343
2005,10,10,333
2005,10,11,331
2005,10,12,337
2005,10,13,331
2005,10,14,326
2005,10,15,323
2005,10,16,320
2005,10,17,320
2005,10,18,320
2005,10,19,320
2005,10,20,319
2005,10,21,319
2005,10,22,319
2005,10,23,319
2005,10,24,318
2005,10,25,315
2005,10,26,314
2005,10,27,348
2005,10,28,409
2005,10,29,365
2005,10,30,349
2005,10,31,339
2005,11,1,342
2005,11,2,343
2005,11,3,361
2005,11,4,389
2005,11,5,384
2005,11,6,453
2005,11,7,491
2005,11,8,544
2005,11,9,457
2005,11,10,413
2005,11,11,426
2005,11,12,423
2005,11,13,406
2005,11,14,455
2005,11,15,382
2005,11,16,385
2005,11,17,405
2005,11,18,372
2005,11,19,372
2005,11,20,369
2005,11,21,365
2005,11,22,365
2005,11,23,359
2005,11,24,352
2005,11,25,397
2005,11,26,464
2005,11,27,380
2005,11,28,315
2005,11,29,353
2005,11,30,410
2005,12,1,397
2005,12,2,473
2005,12,3,451
2005,12,4,400
2005,12,5,340
2005,12,6,360
2005,12,7,300
2005,12,8,240
2005,12,9,260
2005,12,10,280
2005,12,11,280
2005,12,12,300
2005,12,13,320
2005,12,14,320
2005,12,15,320
2005,12,16,320
2005,12,17,320
2005,12,18,310
2005,12,19,340
2005,12,20,440
2005,12,21,556
2005,12,22,1450
2005,12,23,1920
2005,12,24,1170
2005,12,25,930
2005,12,26,964
2005,12,27,1080
2005,12,28,1170
2005,12,29,2000
2005,12,30,1430
2005,12,31,1490
2006,1,1,1800
2006,1,2,1440
2006,1,3,1190
2006,1,4,1040
2006,1,5,881
2006,1,6,843
2006,1,7,806
2006,1,8,765
2006,1,9,638
2006,1,10,709
2006,1,11,770
2006,1,12,766
2006,1,13,723
2006,1,14,730
2006,1,15,760
2006,1,16,616
2006,1,17,727
2006,1,18,717
2006,1,19,681
2006,1,20,657
2006,1,21,637
2006,1,22,542
2006,1,23,577
2006,1,24,545
2006,1,25,520
2006,1,26,572
2006,1,27,613
2006,1,28,583
2006,1,29,562
2006,1,30,609
2006,1,31,644
2006,2,1,630
2006,2,2,597
2006,2,3,594
2006,2,4,592
2006,2,5,584
2006,2,6,500
2006,2,7,500
2006,2,8,520
2006,2,9,540
2006,2,10,500
2006,2,11,480
2006,2,12,500
2006,2,13,500
2006,2,14,500
2006,2,15,480
2006,2,16,460
2006,2,17,440
2006,2,18,440
2006,2,19,440
2006,2,20,460
2006,2,21,500
2006,2,22,560
2006,2,23,554
2006,2,24,556
2006,2,25,528
2006,2,26,539
2006,2,27,632
2006,2,28,1210
2006,3,1,1570
2006,3,2,1370
2006,3,3,1300
2006,3,4,1260
2006,3,5,1140
2006,3,6,1090
2006,3,7,1060
2006,3,8,1010
2006,3,9,998
2006,3,10,918
2006,3,11,903
2006,3,12,814
2006,3,13,822
2006,3,14,810
2006,3,15,776
2006,3,16,743
2006,3,17,747
2006,3,18,736
2006,3,19,740
2006,3,20,778
2006,3,21,797
2006,3,22,788
2006,3,23,804
2006,3,24,855
2006,3,25,989
2006,3,26,1280
2006,3,27,1210
2006,3,28,1260
2006,3,29,1380
2006,3,30,1480
2006,3,31,1640
2006,4,1,1760
2006,4,2,1610
2006,4,3,1510
2006,4,4,2000
2006,4,5,4100
2006,4,6,4230
2006,4,7,3490
2006,4,8,3490
2006,4,9,3370
2006,4,10,3120
2006,4,11,2940
2006,4,12,2810
2006,4,13,3070
2006,4,14,3850
2006,4,15,4460
2006,4,16,4610
2006,4,17,3970
2006,4,18,3310
2006,4,19,2960
2006,4,20,2920
2006,4,21,3240
2006,4,22,3810
2006,4,23,4970
2006,4,24,5840
2006,4,25,4930
2006,4,26,4360
2006,4,27,4470
2006,4,28,5080
2006,4,29,5720
2006,4,30,7250
2006,5,1,7260
2006,5,2,6570
2006,5,3,5550
2006,5,4,4940
2006,5,5,4510
2006,5,6,4570
2006,5,7,4560
2006,5,8,4360
2006,5,9,4220
2006,5,10,3990
2006,5,11,4040
2006,5,12,4550
2006,5,13,5130
2006,5,14,5520
2006,5,15,6370
2006,5,16,7490
2006,5,17,8450
2006,5,18,9090
2006,5,19,9520
2006,5,20,10400
2006,5,21,9910
2006,5,22,8110
2006,5,23,7540
2006,5,24,6290
2006,5,25,5690
2006,5,26,5450
2006,5,27,4630
2006,5,28,3930
2006,5,29,3440
2006,5,30,3050
2006,5,31,2760
2006,6,1,2710
2006,6,2,3250
2006,6,3,4310
2006,6,4,4510
2006,6,5,4730
2006,6,6,4670
2006,6,7,5110
2006,6,8,5430
2006,6,9,5000
2006,6,10,4090
2006,6,11,3620
2006,6,12,3590
2006,6,13,3940
2006,6,14,4150
2006,6,15,3360
2006,6,16,2870
2006,6,17,2800
2006,6,18,2820
2006,6,19,2710
2006,6,20,2670
2006,6,21,2500
2006,6,22,2370
2006,6,23,2280
2006,6,24,2250
2006,6,25,2210
2006,6,26,2220
2006,6,27,2200
2006,6,28,2090
2006,6,29,2040
2006,6,30,1920
2006,7,1,1790
2006,7,2,1680
2006,7,3,1630
2006,7,4,1510
2006,7,5,1430
2006,7,6,1370
2006,7,7,1300
2006,7,8,1170
2006,7,9,1070
2006,7,10,1020
2006,7,11,973
2006,7,12,943
2006,7,13,924
2006,7,14,869
2006,7,15,827
2006,7,16,794
2006,7,17,767
2006,7,18,738
2006,7,19,712
2006,7,20,688
2006,7,21,660
2006,7,22,639
2006,7,23,622
2006,7,24,602
2006,7,25,589
2006,7,26,575
2006,7,27,555
2006,7,28,540
2006,7,29,525
2006,7,30,513
2006,7,31,508
2006,8,1,502
2006,8,2,494
2006,8,3,486
2006,8,4,475
2006,8,5,469
2006,8,6,456
2006,8,7,450
2006,8,8,438
2006,8,9,432
2006,8,10,433
2006,8,11,423
2006,8,12,423
2006,8,13,420
2006,8,14,415
2006,8,15,406
2006,8,16,403
2006,8,17,399
2006,8,18,400
2006,8,19,396
2006,8,20,387
2006,8,21,380
2006,8,22,375
2006,8,23,368
2006,8,24,366
2006,8,25,375
2006,8,26,377
2006,8,27,376
2006,8,28,368
2006,8,29,360
2006,8,30,354
2006,8,31,359
2006,9,1,362
2006,9,2,361
2006,9,3,355
2006,9,4,351
2006,9,5,348
2006,9,6,352
2006,9,7,359
2006,9,8,373
2006,9,9,376
2006,9,10,371
2006,9,11,358
2006,9,12,350
2006,9,13,344
2006,9,14,343
2006,9,15,356
2006,9,16,364
2006,9,17,379
2006,9,18,373
2006,9,19,370
2006,9,20,398
2006,9,21,409
2006,9,22,427
2006,9,23,394
2006,9,24,382
2006,9,25,374
2006,9,26,367
2006,9,27,363
2006,9,28,359
2006,9,29,356
2006,9,30,354
2006,10,1,351
2006,10,2,350
2006,10,3,354
2006,10,4,363
2006,10,5,391
2006,10,6,380
2006,10,7,419
2006,10,8,424
2006,10,9,395
2006,10,10,391
2006,10,11,377
2006,10,12,371
2006,10,13,368
2006,10,14,365
2006,10,15,364
2006,10,16,415
2006,10,17,405
2006,10,18,381
2006,10,19,375
2006,10,20,399
2006,10,21,389
2006,10,22,376
2006,10,23,371
2006,10,24,369
2006,10,25,374
2006,10,26,367
2006,10,27,363
2006,10,28,361
2006,10,29,358
2006,10,30,355
2006,10,31,316
2006,11,1,294
2006,11,2,337
2006,11,3,447
2006,11,4,464
2006,11,5,524
2006,11,6,707
2006,11,7,743
2006,11,8,1120
2006,11,9,1130
2006,11,10,816
2006,11,11,742
2006,11,12,645
2006,11,13,647
2006,11,14,669
2006,11,15,541
2006,11,16,632
2006,11,17,658
2006,11,18,585
2006,11,19,552
2006,11,20,553
2006,11,21,921
2006,11,22,1210
2006,11,23,898
2006,11,24,733
2006,11,25,694
2006,11,26,630
2006,11,27,629
2006,11,28,548
2006,11,29,393
2006,11,30,385
2006,12,1,516
2006,12,2,440
2006,12,3,376
2006,12,4,360
2006,12,5,380
2006,12,6,420
2006,12,7,450
2006,12,8,440
2006,12,9,489
2006,12,10,530
2006,12,11,514
2006,12,12,500
2006,12,13,588
2006,12,14,768
2006,12,15,965
2006,12,16,843
2006,12,17,523
2006,12,18,400
2006,12,19,410
2006,12,20,420
2006,12,21,527
2006,12,22,647
2006,12,23,559
2006,12,24,521
2006,12,25,542
2006,12,26,614
2006,12,27,646
2006,12,28,586
2006,12,29,442
2006,12,30,396
2006,12,31,486
2007,1,1,488
2007,1,2,517
2007,1,3,540
2007,1,4,545
2007,1,5,482
2007,1,6,439
2007,1,7,397
2007,1,8,501
2007,1,9,479
2007,1,10,462
2007,1,11,416
2007,1,12,283
2007,1,13,252
2007,1,14,280
2007,1,15,320
2007,1,16,340
2007,1,17,360
2007,1,18,360
2007,1,19,370
2007,1,20,380
2007,1,21,380
2007,1,22,390
2007,1,23,420
2007,1,24,420
2007,1,25,420
2007,1,26,400
2007,1,27,400
2007,1,28,400
2007,1,29,400
2007,1,30,420
2007,1,31,440
2007,2,1,430
2007,2,2,420
2007,2,3,420
2007,2,4,430
2007,2,5,460
2007,2,6,480
2007,2,7,510
2007,2,8,536
2007,2,9,562
2007,2,10,563
2007,2,11,647
2007,2,12,711
2007,2,13,661
2007,2,14,603
2007,2,15,602
2007,2,16,707
2007,2,17,701
2007,2,18,699
2007,2,19,680
2007,2,20,642
2007,2,21,634
2007,2,22,610
2007,2,23,658
2007,2,24,556
2007,2,25,607
2007,2,26,575
2007,2,27,558
2007,2,28,511
2007,3,1,540
2007,3,2,479
2007,3,3,498
2007,3,4,520
2007,3,5,527
2007,3,6,606
2007,3,7,765
2007,3,8,1010
2007,3,9,1070
2007,3,10,1020
2007,3,11,1040
2007,3,12,1210
2007,3,13,1710
2007,3,14,2120
2007,3,15,1820
2007,3,16,1600
2007,3,17,1680
2007,3,18,2000
2007,3,19,2210
2007,3,20,2370
2007,3,21,2180
2007,3,22,1930
2007,3,23,1810
2007,3,24,1900
2007,3,25,2060
2007,3,26,2160
2007,3,27,2330
2007,3,28,2150
2007,3,29,1960
2007,3,30,1850
2007,3,31,1800
2007,4,1,1810
2007,4,2,1760
2007,4,3,1620
2007,4,4,1560
2007,4,5,1550
2007,4,6,1740
2007,4,7,2060
2007,4,8,2450
2007,4,9,2590
2007,4,10,2470
2007,4,11,2210
2007,4,12,2010
2007,4,13,1830
2007,4,14,1730
2007,4,15,1700
2007,4,16,1680
2007,4,17,1760
2007,4,18,1880
2007,4,19,1810
2007,4,20,1700
2007,4,21,1610
2007,4,22,1580
2007,4,23,1610
2007,4,24,1670
2007,4,25,1790
2007,4,26,1960
2007,4,27,2120
2007,4,28,2410
2007,4,29,2930
2007,4,30,3220
2007,5,1,3350
2007,5,2,3550
2007,5,3,3390
2007,5,4,2930
2007,5,5,2580
2007,5,6,2340
2007,5,7,2180
2007,5,8,2220
2007,5,9,2450
2007,5,10,2760
2007,5,11,3060
2007,5,12,3310
2007,5,13,3580
2007,5,14,3370
2007,5,15,3090
2007,5,16,2990
2007,5,17,2960
2007,5,18,3030
2007,5,19,3120
2007,5,20,3160
2007,5,21,2890
2007,5,22,2560
2007,5,23,2250
2007,5,24,1990
2007,5,25,1810
2007,5,26,1730
2007,5,27,1790
2007,5,28,2000
2007,5,29,1970
2007,5,30,1870
2007,5,31,1880
2007,6,1,1930
2007,6,2,2020
2007,6,3,2010
2007,6,4,2120
2007,6,5,2140
2007,6,6,1960
2007,6,7,1730
2007,6,8,1510
2007,6,9,1380
2007,6,10,1470
2007,6,11,2180
2007,6,12,1770
2007,6,13,1560
2007,6,14,1460
2007,6,15,1420
2007,6,16,1360
2007,6,17,1310
2007,6,18,1230
2007,6,19,1140
2007,6,20,1070
2007,6,21,1040
2007,6,22,1000
2007,6,23,954
2007,6,24,912
2007,6,25,870
2007,6,26,828
2007,6,27,783
2007,6,28,742
2007,6,29,713
2007,6,30,694
2007,7,1,656
2007,7,2,633
2007,7,3,621
2007,7,4,588
2007,7,5,561
2007,7,6,541
2007,7,7,537
2007,7,8,512
2007,7,9,489
2007,7,10,475
2007,7,11,460
2007,7,12,447
2007,7,13,446
2007,7,14,430
2007,7,15,415
2007,7,16,415
2007,7,17,416
2007,7,18,417
2007,7,19,391
2007,7,20,383
2007,7,21,371
2007,7,22,362
2007,7,23,354
2007,7,24,363
2007,7,25,376
2007,7,26,402
2007,7,27,394
2007,7,28,357
2007,7,29,340
2007,7,30,334
2007,7,31,331
2007,8,1,320
2007,8,2,313
2007,8,3,323
2007,8,4,311
2007,8,5,305
2007,8,6,311
2007,8,7,305
2007,8,8,301
2007,8,9,299
2007,8,10,293
2007,8,11,290
2007,8,12,286
2007,8,13,280
2007,8,14,277
2007,8,15,280
2007,8,16,278
2007,8,17,273
2007,8,18,269
2007,8,19,268
2007,8,20,281
2007,8,21,293
2007,8,22,291
2007,8,23,281
2007,8,24,276
2007,8,25,271
2007,8,26,266
2007,8,27,264
2007,8,28,263
2007,8,29,262
2007,8,30,259
2007,8,31,260
2007,9,1,277
2007,9,2,274
2007,9,3,262
2007,9,4,257
2007,9,5,260
2007,9,6,283
2007,9,7,275
2007,9,8,266
2007,9,9,264
2007,9,10,264
2007,9,11,263
2007,9,12,260
2007,9,13,256
2007,9,14,255
2007,9,15,259
2007,9,16,259
2007,9,17,260
2007,9,18,266
2007,9,19,294
2007,9,20,310
2007,9,21,284
2007,9,22,276
2007,9,23,369
2007,9,24,373
2007,9,25,314
2007,9,26,299
2007,9,27,292
2007,9,28,288
2007,9,29,308
2007,9,30,308
2007,10,1,306
2007,10,2,334
2007,10,3,317
2007,10,4,324
2007,10,5,317
2007,10,6,315
2007,10,7,307
2007,10,8,304
2007,10,9,300
2007,10,10,298
2007,10,11,318
2007,10,12,314
2007,10,13,327
2007,10,14,318
2007,10,15,308
2007,10,16,305
2007,10,17,330
2007,10,18,337
2007,10,19,818
2007,10,20,1510
2007,10,21,813
2007,10,22,645
2007,10,23,589
2007,10,24,582
2007,10,25,569
2007,10,26,543
2007,10,27,516
2007,10,28,491
2007,10,29,470
2007,10,30,493
2007,10,31,503
2007,11,1,467
2007,11,2,445
2007,11,3,425
2007,11,4,417
2007,11,5,408
2007,11,6,401
2007,11,7,390
2007,11,8,386
2007,11,9,377
2007,11,10,377
2007,11,11,402
2007,11,12,379
2007,11,13,483
2007,11,14,505
2007,11,15,425
2007,11,16,507
2007,11,17,789
2007,11,18,1540
2007,11,19,1270
2007,11,20,1060
2007,11,21,831
2007,11,22,718
2007,11,23,666
2007,11,24,653
2007,11,25,681
2007,11,26,584
2007,11,27,591
2007,11,28,513
2007,11,29,541
2007,11,30,482
2007,12,1,440
2007,12,2,505
2007,12,3,520
2007,12,4,561
2007,12,5,593
2007,12,6,541
2007,12,7,513
2007,12,8,499
2007,12,9,425
2007,12,10,380
2007,12,11,354
2007,12,12,280
2007,12,13,320
2007,12,14,310
2007,12,15,370
2007,12,16,440
2007,12,17,456
2007,12,18,450
2007,12,19,445
2007,12,20,457
2007,12,21,395
2007,12,22,320
2007,12,23,424
2007,12,24,494
2007,12,25,414
2007,12,26,360
2007,12,27,320
2007,12,28,360
2007,12,29,424
2007,12,30,430
2007,12,31,360
2008,1,1,300
2008,1,2,280
2008,1,3,360
2008,1,4,420
2008,1,5,504
2008,1,6,442
2008,1,7,408
2008,1,8,395
2008,1,9,424
2008,1,10,415
2008,1,11,429
2008,1,12,410
2008,1,13,413
2008,1,14,358
2008,1,15,386
2008,1,16,300
2008,1,17,260
2008,1,18,360
2008,1,19,400
2008,1,20,442
2008,1,21,413
2008,1,22,320
2008,1,23,260
2008,1,24,240
2008,1,25,300
2008,1,26,360
2008,1,27,440
2008,1,28,453
2008,1,29,400
2008,1,30,408
2008,1,31,403
2008,2,1,367
2008,2,2,406
2008,2,3,413
2008,2,4,380
2008,2,5,360
2008,2,6,370
2008,2,7,385
2008,2,8,377
2008,2,9,394
2008,2,10,396
2008,2,11,397
2008,2,12,397
2008,2,13,412
2008,2,14,392
2008,2,15,382
2008,2,16,402
2008,2,17,415
2008,2,18,400
2008,2,19,414
2008,2,20,455
2008,2,21,473
2008,2,22,482
2008,2,23,494
2008,2,24,502
2008,2,25,527
2008,2,26,528
2008,2,27,520
2008,2,28,527
2008,2,29,584
2008,3,1,665
2008,3,2,645
2008,3,3,594
2008,3,4,594
2008,3,5,518
2008,3,6,480
2008,3,7,503
2008,3,8,531
2008,3,9,551
2008,3,10,584
2008,3,11,668
2008,3,12,749
2008,3,13,825
2008,3,14,814
2008,3,15,752
2008,3,16,668
2008,3,17,644
2008,3,18,637
2008,3,19,704
2008,3,20,805
2008,3,21,794
2008,3,22,738
2008,3,23,742
2008,3,24,762
2008,3,25,793
2008,3,26,810
2008,3,27,779
2008,3,28,690
2008,3,29,721
2008,3,30,620
2008,3,31,657
2008,4,1,574
2008,4,2,592
2008,4,3,596
2008,4,4,649
2008,4,5,665
2008,4,6,664
2008,4,7,680
2008,4,8,670
2008,4,9,687
2008,4,10,680
2008,4,11,674
2008,4,12,778
2008,4,13,1240
2008,4,14,2330
2008,4,15,2640
2008,4,16,2070
2008,4,17,1730
2008,4,18,2040
2008,4,19,2500
2008,4,20,2450
2008,4,21,2000
2008,4,22,1640
2008,4,23,1680
2008,4,24,1740
2008,4,25,1610
2008,4,26,1550
2008,4,27,1770
2008,4,28,2380
2008,4,29,3460
2008,4,30,3470
2008,5,1,2910
2008,5,2,2610
2008,5,3,2650
2008,5,4,2820
2008,5,5,3350
2008,5,6,4030
2008,5,7,4640
2008,5,8,4730
2008,5,9,4370
2008,5,10,3930
2008,5,11,3870
2008,5,12,3710
2008,5,13,3590
2008,5,14,3690
2008,5,15,4300
2008,5,16,5470
2008,5,17,6770
2008,5,18,7690
2008,5,19,9180
2008,5,20,9120
2008,5,21,8540
2008,5,22,6510
2008,5,23,5120
2008,5,24,4550
2008,5,25,4250
2008,5,26,4250
2008,5,27,4690
2008,5,28,4850
2008,5,29,4660
2008,5,30,4490
2008,5,31,4380
2008,6,1,4550
2008,6,2,4370
2008,6,3,4240
2008,6,4,4130
2008,6,5,3710
2008,6,6,3570
2008,6,7,3340
2008,6,8,3070
2008,6,9,2960
2008,6,10,3190
2008,6,11,3150
2008,6,12,2850
2008,6,13,2670
2008,6,14,2720
2008,6,15,3090
2008,6,16,3400
2008,6,17,3680
2008,6,18,3960
2008,6,19,3730
2008,6,20,3500
2008,6,21,3470
2008,6,22,3700
2008,6,23,3680
2008,6,24,3330
2008,6,25,3030
2008,6,26,2900
2008,6,27,2890
2008,6,28,2790
2008,6,29,2780
2008,6,30,2680
2008,7,1,2570
2008,7,2,2410
2008,7,3,2200
2008,7,4,2100
2008,7,5,1970
2008,7,6,1740
2008,7,7,1550
2008,7,8,1400
2008,7,9,1300
2008,7,10,1230
2008,7,11,1170
2008,7,12,1100
2008,7,13,1040
2008,7,14,987
2008,7,15,945
2008,7,16,901
2008,7,17,854
2008,7,18,829
2008,7,19,800
2008,7,20,765
2008,7,21,729
2008,7,22,771
2008,7,23,829
2008,7,24,728
2008,7,25,683
2008,7,26,647
2008,7,27,622
2008,7,28,607
2008,7,29,589
2008,7,30,584
2008,7,31,559
2008,8,1,540
2008,8,2,523
2008,8,3,509
2008,8,4,495
2008,8,5,481
2008,8,6,476
2008,8,7,465
2008,8,8,518
2008,8,9,494
2008,8,10,463
2008,8,11,445
2008,8,12,437
2008,8,13,424
2008,8,14,414
2008,8,15,404
2008,8,16,394
2008,8,17,387
2008,8,18,379
2008,8,19,372
2008,8,20,375
2008,8,21,378
2008,8,22,372
2008,8,23,369
2008,8,24,359
2008,8,25,348
2008,8,26,340
2008,8,27,345
2008,8,28,344
2008,8,29,341
2008,8,30,337
2008,8,31,332
2008,9,1,339
2008,9,2,349
2008,9,3,348
2008,9,4,340
2008,9,5,336
2008,9,6,334
2008,9,7,332
2008,9,8,327
2008,9,9,323
2008,9,10,319
2008,9,11,316
2008,9,12,319
2008,9,13,316
2008,9,14,313
2008,9,15,310
2008,9,16,306
2008,9,17,302
2008,9,18,300
2008,9,19,301
2008,9,20,369
2008,9,21,505
2008,9,22,398
2008,9,23,360
2008,9,24,347
2008,9,25,338
2008,9,26,331
2008,9,27,327
2008,9,28,324
2008,9,29,322
2008,9,30,319
2008,10,1,316
2008,10,2,315
2008,10,3,317
2008,10,4,361
2008,10,5,448
2008,10,6,385
2008,10,7,360
2008,10,8,347
2008,10,9,342
2008,10,10,345
2008,10,11,360
2008,10,12,354
2008,10,13,349
2008,10,14,355
2008,10,15,359
2008,10,16,351
2008,10,17,348
2008,10,18,345
2008,10,19,340
2008,10,20,337
2008,10,21,333
2008,10,22,329
2008,10,23,330
2008,10,24,332
2008,10,25,331
2008,10,26,329
2008,10,27,327
2008,10,28,325
2008,10,29,325
2008,10,30,323
2008,10,31,323
2008,11,1,328
2008,11,2,517
2008,11,3,612
2008,11,4,524
2008,11,5,467
2008,11,6,407
2008,11,7,405
2008,11,8,417
2008,11,9,459
2008,11,10,517
2008,11,11,465
2008,11,12,476
2008,11,13,786
2008,11,14,856
2008,11,15,633
2008,11,16,562
2008,11,17,512
2008,11,18,480
2008,11,19,458
2008,11,20,446
2008,11,21,438
2008,11,22,404
2008,11,23,418
2008,11,24,357
2008,11,25,360
2008,11,26,399
2008,11,27,395
2008,11,28,383
2008,11,29,379
2008,11,30,385
2008,12,1,373
2008,12,2,380
2008,12,3,391
2008,12,4,367
2008,12,5,317
2008,12,6,343
2008,12,7,366
2008,12,8,367
2008,12,9,312
2008,12,10,332
2008,12,11,327
2008,12,12,345
2008,12,13,364
2008,12,14,339
2008,12,15,299
2008,12,16,280
2008,12,17,240
2008,12,18,220
2008,12,19,300
2008,12,20,300
2008,12,21,300
2008,12,22,340
2008,12,23,300
2008,12,24,300
2008,12,25,300
2008,12,26,300
2008,12,27,300
2008,12,28,340
2008,12,29,400
2008,12,30,460
2008,12,31,440
2009,1,1,447
2009,1,2,456
2009,1,3,424
2009,1,4,280
2009,1,5,340
2009,1,6,380
2009,1,7,480
2009,1,8,467
2009,1,9,445
2009,1,10,394
2009,1,11,405
2009,1,12,415
2009,1,13,407
2009,1,14,384
2009,1,15,366
2009,1,16,365
2009,1,17,359
2009,1,18,330
2009,1,19,340
2009,1,20,360
2009,1,21,400
2009,1,22,440
2009,1,23,480
2009,1,24,486
2009,1,25,468
2009,1,26,433
2009,1,27,351
2009,1,28,389
2009,1,29,398
2009,1,30,355
2009,1,31,363
2009,2,1,365
2009,2,2,377
2009,2,3,391
2009,2,4,382
2009,2,5,404
2009,2,6,435
2009,2,7,424
2009,2,8,414
2009,2,9,432
2009,2,10,432
2009,2,11,422
2009,2,12,386
2009,2,13,371
2009,2,14,409
2009,2,15,386
2009,2,16,388
2009,2,17,386
2009,2,18,379
2009,2,19,358
2009,2,20,361
2009,2,21,359
2009,2,22,378
2009,2,23,424
2009,2,24,567
2009,2,25,649
2009,2,26,604
2009,2,27,465
2009,2,28,441
2009,3,1,534
2009,3,2,502
2009,3,3,727
2009,3,4,865
2009,3,5,796
2009,3,6,712
2009,3,7,595
2009,3,8,621
2009,3,9,501
2009,3,10,544
2009,3,11,454
2009,3,12,478
2009,3,13,492
2009,3,14,511
2009,3,15,541
2009,3,16,664
2009,3,17,1070
2009,3,18,1010
2009,3,19,960
2009,3,20,1040
2009,3,21,1310
2009,3,22,1520
2009,3,23,1370
2009,3,24,1210
2009,3,25,1110
2009,3,26,986
2009,3,27,901
2009,3,28,883
2009,3,29,965
2009,3,30,884
2009,3,31,900
2009,4,1,858
2009,4,2,859
2009,4,3,854
2009,4,4,811
2009,4,5,818
2009,4,6,890
2009,4,7,1090
2009,4,8,1510
2009,4,9,1680
2009,4,10,1720
2009,4,11,1780
2009,4,12,1910
2009,4,13,2160
2009,4,14,2220
2009,4,15,1980
2009,4,16,1810
2009,4,17,2000
2009,4,18,2320
2009,4,19,2540
2009,4,20,3010
2009,4,21,3790
2009,4,22,4660
2009,4,23,5190
2009,4,24,4160
2009,4,25,3490
2009,4,26,3030
2009,4,27,2720
2009,4,28,2550
2009,4,29,2340
2009,4,30,2170
2009,5,1,2000
2009,5,2,1980
2009,5,3,2060
2009,5,4,2350
2009,5,5,2790
2009,5,6,3290
2009,5,7,3380
2009,5,8,3120
2009,5,9,2910
2009,5,10,2800
2009,5,11,2870
2009,5,12,3090
2009,5,13,2860
2009,5,14,2760
2009,5,15,2750
2009,5,16,2870
2009,5,17,3250
2009,5,18,4360
2009,5,19,6170
2009,5,20,6420
2009,5,21,5380
2009,5,22,4840
2009,5,23,5030
2009,5,24,5400
2009,5,25,5820
2009,5,26,5350
2009,5,27,5000
2009,5,28,5060
2009,5,29,5170
2009,5,30,5400
2009,5,31,5710
2009,6,1,5660
2009,6,2,5540
2009,6,3,5080
2009,6,4,5080
2009,6,5,5050
2009,6,6,5080
2009,6,7,4690
2009,6,8,3890
2009,6,9,3420
2009,6,10,3180
2009,6,11,3070
2009,6,12,3230
2009,6,13,3170
2009,6,14,3190
2009,6,15,3160
2009,6,16,3020
2009,6,17,3160
2009,6,18,3000
2009,6,19,2820
2009,6,20,2800
2009,6,21,2640
2009,6,22,2770
2009,6,23,2380
2009,6,24,2210
2009,6,25,2300
2009,6,26,2500
2009,6,27,2320
2009,6,28,2120
2009,6,29,2020
2009,6,30,2030
2009,7,1,1990
2009,7,2,1830
2009,7,3,1700
2009,7,4,1730
2009,7,5,1590
2009,7,6,1530
2009,7,7,1430
2009,7,8,1320
2009,7,9,1220
2009,7,10,1140
2009,7,11,1070
2009,7,12,1040
2009,7,13,1060
2009,7,14,1020
2009,7,15,955
2009,7,16,905
2009,7,17,857
2009,7,18,822
2009,7,19,790
2009,7,20,760
2009,7,21,738
2009,7,22,710
2009,7,23,682
2009,7,24,664
2009,7,25,637
2009,7,26,616
2009,7,27,596
2009,7,28,587
2009,7,29,575
2009,7,30,562
2009,7,31,540
2009,8,1,520
2009,8,2,504
2009,8,3,491
2009,8,4,476
2009,8,5,466
2009,8,6,492
2009,8,7,620
2009,8,8,668
2009,8,9,571
2009,8,10,531
2009,8,11,495
2009,8,12,471
2009,8,13,455
2009,8,14,458
2009,8,15,469
2009,8,16,452
2009,8,17,440
2009,8,18,430
2009,8,19,419
2009,8,20,406
2009,8,21,395
2009,8,22,382
2009,8,23,376
2009,8,24,380
2009,8,25,380
2009,8,26,370
2009,8,27,370
2009,8,28,365
2009,8,29,359
2009,8,30,400
2009,8,31,447
2009,9,1,414
2009,9,2,384
2009,9,3,369
2009,9,4,359
2009,9,5,359
2009,9,6,356
2009,9,7,353
2009,9,8,350
2009,9,9,352
2009,9,10,345
2009,9,11,337
2009,9,12,334
2009,9,13,331
2009,9,14,329
2009,9,15,357
2009,9,16,356
2009,9,17,342
2009,9,18,334
2009,9,19,329
2009,9,20,325
2009,9,21,325
2009,9,22,328
2009,9,23,326
2009,9,24,322
2009,9,25,318
2009,9,26,313
2009,9,27,312
2009,9,28,312
2009,9,29,311
2009,9,30,332
2009,10,1,339
2009,10,2,338
2009,10,3,342
2009,10,4,498
2009,10,5,477
2009,10,6,432
2009,10,7,420
2009,10,8,416
2009,10,9,399
2009,10,10,389
2009,10,11,377
2009,10,12,370
2009,10,13,377
2009,10,14,526
2009,10,15,772
2009,10,16,608
2009,10,17,505
2009,10,18,474
2009,10,19,540
2009,10,20,597
2009,10,21,509
2009,10,22,472
2009,10,23,450
2009,10,24,491
2009,10,25,468
2009,10,26,442
2009,10,27,460
2009,10,28,438
2009,10,29,409
2009,10,30,429
2009,10,31,441
2009,11,1,452
2009,11,2,446
2009,11,3,432
2009,11,4,418
2009,11,5,414
2009,11,6,422
2009,11,7,458
2009,11,8,424
2009,11,9,390
2009,11,10,404
2009,11,11,408
2009,11,12,487
2009,11,13,423
2009,11,14,420
2009,11,15,365
2009,11,16,375
2009,11,17,429
2009,11,18,445
2009,11,19,404
2009,11,20,403
2009,11,21,442
2009,11,22,397
2009,11,23,394
2009,11,24,365
2009,11,25,388
2009,11,26,383
2009,11,27,426
2009,11,28,430
2009,11,29,350
2009,11,30,351
2009,12,1,372
2009,12,2,331
2009,12,3,260
2009,12,4,220
2009,12,5,280
2009,12,6,264
2009,12,7,250
2009,12,8,239
2009,12,9,362
2009,12,10,273
2009,12,11,276
2009,12,12,372
2009,12,13,459
2009,12,14,469
2009,12,15,431
2009,12,16,437
2009,12,17,433
2009,12,18,411
2009,12,19,380
2009,12,20,381
2009,12,21,392
2009,12,22,387
2009,12,23,359
2009,12,24,315
2009,12,25,281
2009,12,26,284
2009,12,27,298
2009,12,28,496
2009,12,29,377
2009,12,30,395
2009,12,31,377
2010,1,1,379
2010,1,2,365
2010,1,3,363
2010,1,4,343
2010,1,5,358
2010,1,6,364
2010,1,7,358
2010,1,8,321
2010,1,9,331
2010,1,10,358
2010,1,11,350
2010,1,12,350
2010,1,13,388
2010,1,14,401
2010,1,15,370
2010,1,16,361
2010,1,17,368
2010,1,18,366
2010,1,19,389
2010,1,20,387
2010,1,21,383
2010,1,22,378
2010,1,23,380
2010,1,24,366
2010,1,25,359
2010,1,26,369
2010,1,27,369
2010,1,28,361
2010,1,29,351
2010,1,30,354
2010,1,31,364
2010,2,1,357
2010,2,2,347
2010,2,3,351
2010,2,4,353
2010,2,5,360
2010,2,6,357
2010,2,7,337
2010,2,8,313
2010,2,9,356
2010,2,10,377
2010,2,11,366
2010,2,12,371
2010,2,13,376
2010,2,14,369
2010,2,15,388
2010,2,16,409
2010,2,17,413
2010,2,18,417
2010,2,19,414
2010,2,20,405
2010,2,21,380
2010,2,22,330
2010,2,23,345
2010,2,24,438
2010,2,25,403
2010,2,26,371
2010,2,27,381
2010,2,28,386
2010,3,1,418
2010,3,2,465
2010,3,3,505
2010,3,4,544
2010,3,5,549
2010,3,6,556
2010,3,7,588
2010,3,8,663
2010,3,9,688
2010,3,10,627
2010,3,11,564
2010,3,12,551
2010,3,13,560
2010,3,14,522
2010,3,15,528
2010,3,16,597
2010,3,17,711
2010,3,18,957
2010,3,19,960
2010,3,20,903
2010,3,21,882
2010,3,22,872
2010,3,23,815
2010,3,24,791
2010,3,25,804
2010,3,26,782
2010,3,27,720
2010,3,28,721
2010,3,29,761
2010,3,30,1160
2010,3,31,1090
2010,4,1,983
2010,4,2,894
2010,4,3,853
2010,4,4,769
2010,4,5,779
2010,4,6,722
2010,4,7,680
2010,4,8,717
2010,4,9,681
2010,4,10,679
2010,4,11,699
2010,4,12,760
2010,4,13,826
2010,4,14,830
2010,4,15,934
2010,4,16,1290
2010,4,17,1860
2010,4,18,2330
2010,4,19,2630
2010,4,20,3050
2010,4,21,4710
2010,4,22,4080
2010,4,23,3520
2010,4,24,3180
2010,4,25,2900
2010,4,26,2690
2010,4,27,2810
2010,4,28,3290
2010,4,29,2860
2010,4,30,2500
2010,5,1,2240
2010,5,2,2030
2010,5,3,1940
2010,5,4,1960
2010,5,5,1840
2010,5,6,1770
2010,5,7,1660
2010,5,8,1630
2010,5,9,1590
2010,5,10,1660
2010,5,11,1700
2010,5,12,1720
2010,5,13,1830
2010,5,14,2000
2010,5,15,2240
2010,5,16,2590
2010,5,17,3060
2010,5,18,3890
2010,5,19,3970
2010,5,20,4190
2010,5,21,3740
2010,5,22,3210
2010,5,23,2810
2010,5,24,2500
2010,5,25,2250
2010,5,26,2090
2010,5,27,2220
2010,5,28,2260
2010,5,29,2330
2010,5,30,2250
2010,5,31,2240
2010,6,1,2390
2010,6,2,2600
2010,6,3,5280
2010,6,4,7080
2010,6,5,9790
2010,6,6,7890
2010,6,7,7960
2010,6,8,7230
2010,6,9,6220
2010,6,10,5630
2010,6,11,4910
2010,6,12,4300
2010,6,13,4180
2010,6,14,4240
2010,6,15,4480
2010,6,16,4470
2010,6,17,3780
2010,6,18,3210
2010,6,19,3000
2010,6,20,3140
2010,6,21,3130
2010,6,22,3060
2010,6,23,3050
2010,6,24,3130
2010,6,25,3250
2010,6,26,3070
2010,6,27,2950
2010,6,28,2790
2010,6,29,2790
2010,6,30,2680
2010,7,1,2470
2010,7,2,2290
2010,7,3,2120
2010,7,4,1900
2010,7,5,1770
2010,7,6,1680
2010,7,7,1590
2010,7,8,1490
2010,7,9,1410
2010,7,10,1350
2010,7,11,1310
2010,7,12,1250
2010,7,13,1180
2010,7,14,1100
2010,7,15,1050
2010,7,16,998
2010,7,17,953
2010,7,18,904
2010,7,19,876
2010,7,20,844
2010,7,21,816
2010,7,22,784
2010,7,23,760
2010,7,24,735
2010,7,25,715
2010,7,26,687
2010,7,27,748
2010,7,28,697
2010,7,29,687
2010,7,30,648
2010,7,31,646
2010,8,1,617
2010,8,2,590
2010,8,3,572
2010,8,4,552
2010,8,5,531
2010,8,6,517
2010,8,7,522
2010,8,8,500
2010,8,9,498
2010,8,10,529
2010,8,11,530
2010,8,12,555
2010,8,13,536
2010,8,14,512
2010,8,15,490
2010,8,16,469
2010,8,17,454
2010,8,18,438
2010,8,19,428
2010,8,20,423
2010,8,21,409
2010,8,22,406
2010,8,23,409
2010,8,24,410
2010,8,25,403
2010,8,26,390
2010,8,27,394
2010,8,28,382
2010,8,29,386
2010,8,30,420
2010,8,31,439
2010,9,1,431
2010,9,2,433
2010,9,3,418
2010,9,4,399
2010,9,5,384
2010,9,6,378
2010,9,7,386
2010,9,8,380
2010,9,9,390
2010,9,10,434
2010,9,11,425
2010,9,12,404
2010,9,13,391
2010,9,14,377
2010,9,15,371
2010,9,16,366
2010,9,17,366
2010,9,18,361
2010,9,19,352
2010,9,20,362
2010,9,21,368
2010,9,22,359
2010,9,23,353
2010,9,24,350
2010,9,25,349
2010,9,26,346
2010,9,27,338
2010,9,28,336
2010,9,29,332
2010,9,30,334
2010,10,1,331
2010,10,2,328
2010,10,3,327
2010,10,4,370
2010,10,5,440
2010,10,6,392
2010,10,7,381
2010,10,8,379
2010,10,9,373
2010,10,10,369
2010,10,11,384
2010,10,12,387
2010,10,13,369
2010,10,14,362
2010,10,15,357
2010,10,16,356
2010,10,17,357
2010,10,18,353
2010,10,19,351
2010,10,20,351
2010,10,21,350
2010,10,22,349
2010,10,23,350
2010,10,24,532
2010,10,25,1040
2010,10,26,594
2010,10,27,494
2010,10,28,453
2010,10,29,446
2010,10,30,440
2010,10,31,466
2010,11,1,511
2010,11,2,465
2010,11,3,452
2010,11,4,449
2010,11,5,446
2010,11,6,441
2010,11,7,465
2010,11,8,639
2010,11,9,547
2010,11,10,502
2010,11,11,467
2010,11,12,447
2010,11,13,430
2010,11,14,431
2010,11,15,435
2010,11,16,477
2010,11,17,473
2010,11,18,443
2010,11,19,436
2010,11,20,436
2010,11,21,391
2010,11,22,417
2010,11,23,414
2010,11,24,329
2010,11,25,290
2010,11,26,466
2010,11,27,523
2010,11,28,493
2010,11,29,393
2010,11,30,384
2010,12,1,489
2010,12,2,495
2010,12,3,500
2010,12,4,448
2010,12,5,457
2010,12,6,462
2010,12,7,482
2010,12,8,461
2010,12,9,468
2010,12,10,522
2010,12,11,511
2010,12,12,517
2010,12,13,580
2010,12,14,773
2010,12,15,860
2010,12,16,662
2010,12,17,502
2010,12,18,542
2010,12,19,594
2010,12,20,551
2010,12,21,471
2010,12,22,442
2010,12,23,482
2010,12,24,438
2010,12,25,402
2010,12,26,478
2010,12,27,473
2010,12,28,464
2010,12,29,478
2010,12,30,409
2010,12,31,310
2011,1,1,290
2011,1,2,370
2011,1,3,410
2011,1,4,360
2011,1,5,440
2011,1,6,460
2011,1,7,460
2011,1,8,410
2011,1,9,400
2011,1,10,370
2011,1,11,340
2011,1,12,360
2011,1,13,400
2011,1,14,450
2011,1,15,524
2011,1,16,704
2011,1,17,2680
2011,1,18,1860
2011,1,19,1340
2011,1,20,984
2011,1,21,956
2011,1,22,859
2011,1,23,733
2011,1,24,713
2011,1,25,701
2011,1,26,631
2011,1,27,610
2011,1,28,586
2011,1,29,585
2011,1,30,615
2011,1,31,581
2011,2,1,447
2011,2,2,390
2011,2,3,490
2011,2,4,659
2011,2,5,639
2011,2,6,544
2011,2,7,530
2011,2,8,491
2011,2,9,464
2011,2,10,426
2011,2,11,448
2011,2,12,507
2011,2,13,505
2011,2,14,483
2011,2,15,489
2011,2,16,521
2011,2,17,524
2011,2,18,513
2011,2,19,498
2011,2,20,509
2011,2,21,469
2011,2,22,489
2011,2,23,477
2011,2,24,463
2011,2,25,450
2011,2,26,428
2011,2,27,428
2011,2,28,441
2011,3,1,468
2011,3,2,456
2011,3,3,475
2011,3,4,458
2011,3,5,460
2011,3,6,470
2011,3,7,480
2011,3,8,468
2011,3,9,464
2011,3,10,479
2011,3,11,527
2011,3,12,501
2011,3,13,520
2011,3,14,634
2011,3,15,792
2011,3,16,1500
2011,3,17,1490
2011,3,18,1220
2011,3,19,1100
2011,3,20,988
2011,3,21,953
2011,3,22,955
2011,3,23,904
2011,3,24,903
2011,3,25,912
2011,3,26,888
2011,3,27,889
2011,3,28,850
2011,3,29,807
2011,3,30,808
2011,3,31,917
2011,4,1,1470
2011,4,2,2290
2011,4,3,2300
2011,4,4,1940
2011,4,5,1850
2011,4,6,1850
2011,4,7,1680
2011,4,8,1520
2011,4,9,1440
2011,4,10,1350
2011,4,11,1340
2011,4,12,1430
2011,4,13,1590
2011,4,14,1590
2011,4,15,1490
2011,4,16,1700
2011,4,17,3680
2011,4,18,4170
2011,4,19,3440
2011,4,20,2920
2011,4,21,2640
2011,4,22,2280
2011,4,23,2070
2011,4,24,2010
2011,4,25,2060
2011,4,26,2040
2011,4,27,1890
2011,4,28,1920
2011,4,29,1830
2011,4,30,1720
2011,5,1,1730
2011,5,2,1930
2011,5,3,2320
2011,5,4,2510
2011,5,5,2900
2011,5,6,3540
2011,5,7,4930
2011,5,8,6300
2011,5,9,5390
2011,5,10,5200
2011,5,11,5560
2011,5,12,6130
2011,5,13,7160
2011,5,14,8760
2011,5,15,10000
2011,5,16,9220
2011,5,17,6740
2011,5,18,5370
2011,5,19,4570
2011,5,20,4840
2011,5,21,5240
2011,5,22,5380
2011,5,23,5480
2011,5,24,5580
2011,5,25,5470
2011,5,26,6170
2011,5,27,5330
2011,5,28,4600
2011,5,29,4070
2011,5,30,3640
2011,5,31,3370
2011,6,1,3310
2011,6,2,3730
2011,6,3,3540
2011,6,4,3450
2011,6,5,3780
2011,6,6,5040
2011,6,7,6390
2011,6,8,6330
2011,6,9,6300
2011,6,10,5660
2011,6,11,5360
2011,6,12,5340
2011,6,13,5690
2011,6,14,5750
2011,6,15,6030
2011,6,16,5930
2011,6,17,5110
2011,6,18,4910
2011,6,19,4790
2011,6,20,5010
2011,6,21,5440
2011,6,22,6010
2011,6,23,7080
2011,6,24,7620
2011,6,25,6400
2011,6,26,5460
2011,6,27,5100
2011,6,28,5350
2011,6,29,6150
2011,6,30,5760
2011,7,1,4780
2011,7,2,4390
2011,7,3,4490
2011,7,4,4910
2011,7,5,4670
2011,7,6,4440
2011,7,7,4120
2011,7,8,3510
2011,7,9,3300
2011,7,10,2950
2011,7,11,2900
2011,7,12,2890
2011,7,13,2790
2011,7,14,2670
2011,7,15,2370
2011,7,16,2140
2011,7,17,2060
2011,7,18,1930
2011,7,19,1820
2011,7,20,1730
2011,7,21,1590
2011,7,22,1490
2011,7,23,1410
2011,7,24,1320
2011,7,25,1250
2011,7,26,1220
2011,7,27,1170
2011,7,28,1100
2011,7,29,1050
2011,7,30,1000
2011,7,31,1020
2011,8,1,978
2011,8,2,944
2011,8,3,912
2011,8,4,865
2011,8,5,877
2011,8,6,826
2011,8,7,797
2011,8,8,767
2011,8,9,741
2011,8,10,714
2011,8,11,688
2011,8,12,666
2011,8,13,647
2011,8,14,629
2011,8,15,613
2011,8,16,598
2011,8,17,586
2011,8,18,567
2011,8,19,555
2011,8,20,544
2011,8,21,536
2011,8,22,517
2011,8,23,505
2011,8,24,496
2011,8,25,487
2011,8,26,477
2011,8,27,470
2011,8,28,482
2011,8,29,466
2011,8,30,454
2011,8,31,447
2011,9,1,445
2011,9,2,446
2011,9,3,442
2011,9,4,437
2011,9,5,427
2011,9,6,418
2011,9,7,417
2011,9,8,415
2011,9,9,421
2011,9,10,411
2011,9,11,412
2011,9,12,420
2011,9,13,448
2011,9,14,433
2011,9,15,412
2011,9,16,437
2011,9,17,431
2011,9,18,415
2011,9,19,407
2011,9,20,400
2011,9,21,394
2011,9,22,386
2011,9,23,379
2011,9,24,371
2011,9,25,365
2011,9,26,366
2011,9,27,368
2011,9,28,364
2011,9,29,360
2011,9,30,359
2011,10,1,354
2011,10,2,351
2011,10,3,351
2011,10,4,356
2011,10,5,579
2011,10,6,741
2011,10,7,546
2011,10,8,507
2011,10,9,482
2011,10,10,472
2011,10,11,683
2011,10,12,715
2011,10,13,564
2011,10,14,518
2011,10,15,501
2011,10,16,549
2011,10,17,809
2011,10,18,648
2011,10,19,586
2011,10,20,552
2011,10,21,528
2011,10,22,509
2011,10,23,496
2011,10,24,486
2011,10,25,475
2011,10,26,462
2011,10,27,455
2011,10,28,446
2011,10,29,454
2011,10,30,444
2011,10,31,456
2011,11,1,462
2011,11,2,418
2011,11,3,415
2011,11,4,440
2011,11,5,438
2011,11,6,411
2011,11,7,430
2011,11,8,395
2011,11,9,380
2011,11,10,404
2011,11,11,412
2011,11,12,467
2011,11,13,441
2011,11,14,428
2011,11,15,420
2011,11,16,371
2011,11,17,443
2011,11,18,514
2011,11,19,452
2011,11,20,377
2011,11,21,426
2011,11,22,457
2011,11,23,446
2011,11,24,435
2011,11,25,443
2011,11,26,380
2011,11,27,377
2011,11,28,455
2011,11,29,446
2011,11,30,429
2011,12,1,393
2011,12,2,352
2011,12,3,310
2011,12,4,406
2011,12,5,338
2011,12,6,300
2011,12,7,366
2011,12,8,412
2011,12,9,389
2011,12,10,400
2011,12,11,400
2011,12,12,410
2011,12,13,390
2011,12,14,381
2011,12,15,410
2011,12,16,400
2011,12,17,381
2011,12,18,379
2011,12,19,394
2011,12,20,399
2011,12,21,405
2011,12,22,352
2011,12,23,293
2011,12,24,304
2011,12,25,374
2011,12,26,432
2011,12,27,500
2011,12,28,530
2011,12,29,719
2011,12,30,842
2011,12,31,992
2012,1,1,691
2012,1,2,595
2012,1,3,544
2012,1,4,500
2012,1,5,488
2012,1,6,469
2012,1,7,450
2012,1,8,433
2012,1,9,429
2012,1,10,417
2012,1,11,388
2012,1,12,316
2012,1,13,308
2012,1,14,384
2012,1,15,460
2012,1,16,390
2012,1,17,340
2012,1,18,362
2012,1,19,425
2012,1,20,440
2012,1,21,611
2012,1,22,582
2012,1,23,542
2012,1,24,479
2012,1,25,450
2012,1,26,463
2012,1,27,425
2012,1,28,369
2012,1,29,407
2012,1,30,440
2012,1,31,411
2012,2,1,396
2012,2,2,401
2012,2,3,378
2012,2,4,361
2012,2,5,372
2012,2,6,378
2012,2,7,384
2012,2,8,435
2012,2,9,440
2012,2,10,423
2012,2,11,434
2012,2,12,451
2012,2,13,474
2012,2,14,477
2012,2,15,471
2012,2,16,443
2012,2,17,448
2012,2,18,464
2012,2,19,442
2012,2,20,423
2012,2,21,443
2012,2,22,730
2012,2,23,1090
2012,2,24,798
2012,2,25,704
2012,2,26,615
2012,2,27,557
2012,2,28,518
2012,2,29,528
2012,3,1,502
2012,3,2,464
2012,3,3,472
2012,3,4,466
2012,3,5,499
2012,3,6,563
2012,3,7,529
2012,3,8,542
2012,3,9,591
2012,3,10,730
2012,3,11,863
2012,3,12,856
2012,3,13,819
2012,3,14,1000
2012,3,15,1600
2012,3,16,3240
2012,3,17,3200
2012,3,18,2250
2012,3,19,1690
2012,3,20,1360
2012,3,21,1180
2012,3,22,1280
2012,3,23,1850
2012,3,24,2030
2012,3,25,2200
2012,3,26,3110
2012,3,27,2640
2012,3,28,2430
2012,3,29,2300
2012,3,30,2350
2012,3,31,4420
2012,4,1,5630
2012,4,2,3810
2012,4,3,3120
2012,4,4,2910
2012,4,5,2600
2012,4,6,2330
2012,4,7,2060
2012,4,8,1950
2012,4,9,2290
2012,4,10,2670
2012,4,11,3830
2012,4,12,4190
2012,4,13,3720
2012,4,14,3410
2012,4,15,3220
2012,4,16,3080
2012,4,17,3000
2012,4,18,3560
2012,4,19,3720
2012,4,20,3680
2012,4,21,4800
2012,4,22,5830
2012,4,23,7360
2012,4,24,8630
2012,4,25,8710
2012,4,26,10700
2012,4,27,12500
2012,4,28,8740
2012,4,29,6640
2012,4,30,5720
2012,5,1,5220
2012,5,2,4750
2012,5,3,4410
2012,5,4,4200
2012,5,5,3880
2012,5,6,3510
2012,5,7,3340
2012,5,8,3410
2012,5,9,3820
2012,5,10,4580
2012,5,11,4660
2012,5,12,4500
2012,5,13,4550
2012,5,14,4960
2012,5,15,5640
2012,5,16,5920
2012,5,17,6580
2012,5,18,5480
2012,5,19,4870
2012,5,20,4520
2012,5,21,4590
2012,5,22,5200
2012,5,23,4810
2012,5,24,4020
2012,5,25,3560
2012,5,26,3110
2012,5,27,2860
2012,5,28,2600
2012,5,29,2410
2012,5,30,2430
2012,5,31,2630
2012,6,1,3200
2012,6,2,4160
2012,6,3,4940
2012,6,4,5150
2012,6,5,5860
2012,6,6,4220
2012,6,7,3230
2012,6,8,2840
2012,6,9,2680
2012,6,10,2490
2012,6,11,2280
2012,6,12,2170
2012,6,13,2220
2012,6,14,2610
2012,6,15,2730
2012,6,16,2870
2012,6,17,3000
2012,6,18,3200
2012,6,19,2900
2012,6,20,2470
2012,6,21,2370
2012,6,22,2470
2012,6,23,2700
2012,6,24,2600
2012,6,25,2640
2012,6,26,2560
2012,6,27,2150
2012,6,28,1940
2012,6,29,1940
2012,6,30,1890
2012,7,1,1860
2012,7,2,1810
2012,7,3,1730
2012,7,4,1650
2012,7,5,1510
2012,7,6,1440
2012,7,7,1370
2012,7,8,1320
2012,7,9,1270
2012,7,10,1230
2012,7,11,1170
2012,7,12,1090
2012,7,13,1050
2012,7,14,1090
2012,7,15,1120
2012,7,16,1040
2012,7,17,973
2012,7,18,898
2012,7,19,843
2012,7,20,803
2012,7,21,770
2012,7,22,744
2012,7,23,719
2012,7,24,697
2012,7,25,680
2012,7,26,663
2012,7,27,635
2012,7,28,618
2012,7,29,601
2012,7,30,582
2012,7,31,562
2012,8,1,550
2012,8,2,539
2012,8,3,532
2012,8,4,527
2012,8,5,517
2012,8,6,502
2012,8,7,489
2012,8,8,491
2012,8,9,498
2012,8,10,484
2012,8,11,487
2012,8,12,467
2012,8,13,458
2012,8,14,445
2012,8,15,439
2012,8,16,433
2012,8,17,429
2012,8,18,422
2012,8,19,428
2012,8,20,435
2012,8,21,430
2012,8,22,425
2012,8,23,411
2012,8,24,402
2012,8,25,397
2012,8,26,399
2012,8,27,404
2012,8,28,391
2012,8,29,378
2012,8,30,375
2012,8,31,374
2012,9,1,381
2012,9,2,372
2012,9,3,366
2012,9,4,362
2012,9,5,356
2012,9,6,357
2012,9,7,366
2012,9,8,357
2012,9,9,352
2012,9,10,351
2012,9,11,344
2012,9,12,343
2012,9,13,345
2012,9,14,342
2012,9,15,337
2012,9,16,334
2012,9,17,333
2012,9,18,332
2012,9,19,331
2012,9,20,329
2012,9,21,328
2012,9,22,328
2012,9,23,326
2012,9,24,341
2012,9,25,344
2012,9,26,358
2012,9,27,346
2012,9,28,337
2012,9,29,330
2012,9,30,327
2012,10,1,325
2012,10,2,324
2012,10,3,323
2012,10,4,325
2012,10,5,331
2012,10,6,336
2012,10,7,338
2012,10,8,340
2012,10,9,338
2012,10,10,337
2012,10,11,336
2012,10,12,334
2012,10,13,334
2012,10,14,338
2012,10,15,339
2012,10,16,454
2012,10,17,529
2012,10,18,393
2012,10,19,372
2012,10,20,381
2012,10,21,400
2012,10,22,387
2012,10,23,437
2012,10,24,386
2012,10,25,386
2012,10,26,375
2012,10,27,378
2012,10,28,451
2012,10,29,706
2012,10,30,622
2012,10,31,539
2012,11,1,513
2012,11,2,517
2012,11,3,470
2012,11,4,448
2012,11,5,434
2012,11,6,425
2012,11,7,417
2012,11,8,415
2012,11,9,428
2012,11,10,410
2012,11,11,364
2012,11,12,354
2012,11,13,415
2012,11,14,412
2012,11,15,392
2012,11,16,389
2012,11,17,403
2012,11,18,484
2012,11,19,456
2012,11,20,483
2012,11,21,647
2012,11,22,580
2012,11,23,489
2012,11,24,485
2012,11,25,547
2012,11,26,488
2012,11,27,429
2012,11,28,443
2012,11,29,469
2012,11,30,581
2012,12,1,1000
2012,12,2,1540
2012,12,3,1920
2012,12,4,1190
2012,12,5,1810
2012,12,6,1770
2012,12,7,1270
2012,12,8,1050
2012,12,9,853
2012,12,10,790
2012,12,11,750
2012,12,12,716
2012,12,13,649
2012,12,14,621
2012,12,15,594
2012,12,16,580
2012,12,17,588
2012,12,18,509
2012,12,19,426
2012,12,20,509
2012,12,21,555
2012,12,22,543
2012,12,23,518
2012,12,24,514
2012,12,25,464
2012,12,26,473
2012,12,27,466
2012,12,28,441
2012,12,29,391
2012,12,30,481
2012,12,31,360
2013,1,1,280
2013,1,2,310
2013,1,3,290
2013,1,4,305
2013,1,5,300
2013,1,6,340
2013,1,7,420
2013,1,8,465
2013,1,9,480
2013,1,10,460
2013,1,11,430
2013,1,12,370
2013,1,13,330
2013,1,14,350
2013,1,15,380
2013,1,16,415
2013,1,17,420
2013,1,18,420
2013,1,19,420
2013,1,20,420
2013,1,21,430
2013,1,22,430
2013,1,23,430
2013,1,24,465
2013,1,25,500
2013,1,26,515
2013,1,27,500
2013,1,28,470
2013,1,29,460
2013,1,30,470
2013,1,31,456
2013,2,1,449
2013,2,2,430
2013,2,3,416
2013,2,4,430
2013,2,5,458
2013,2,6,456
2013,2,7,443
2013,2,8,443
2013,2,9,427
2013,2,10,412
2013,2,11,379
2013,2,12,391
2013,2,13,440
2013,2,14,418
2013,2,15,396
2013,2,16,398
2013,2,17,425
2013,2,18,405
2013,2,19,424
2013,2,20,422
2013,2,21,387
2013,2,22,412
2013,2,23,425
2013,2,24,374
2013,2,25,377
2013,2,26,398
2013,2,27,383
2013,2,28,405
2013,3,1,424
2013,3,2,435
2013,3,3,472
2013,3,4,469
2013,3,5,447
2013,3,6,496
2013,3,7,480
2013,3,8,464
2013,3,9,478
2013,3,10,506
2013,3,11,550
2013,3,12,638
2013,3,13,695
2013,3,14,857
2013,3,15,1010
2013,3,16,1130
2013,3,17,1120
2013,3,18,1000
2013,3,19,897
2013,3,20,957
2013,3,21,1070
2013,3,22,948
2013,3,23,825
2013,3,24,812
2013,3,25,815
2013,3,26,810
2013,3,27,782
2013,3,28,805
2013,3,29,883
2013,3,30,1040
2013,3,31,1240
2013,4,1,1450
2013,4,2,1650
2013,4,3,1900
2013,4,4,1970
2013,4,5,2150
2013,4,6,2160
2013,4,7,2170
2013,4,8,2110
2013,4,9,1910
2013,4,10,1750
2013,4,11,1650
2013,4,12,1590
2013,4,13,1650
2013,4,14,1530
2013,4,15,1440
2013,4,16,1360
2013,4,17,1270
2013,4,18,1190
2013,4,19,1190
2013,4,20,1210
2013,4,21,1170
2013,4,22,1140
2013,4,23,1100
2013,4,24,1090
2013,4,25,1100
2013,4,26,1170
2013,4,27,1310
2013,4,28,1540
2013,4,29,1740
2013,4,30,1740
2013,5,1,1620
2013,5,2,1540
2013,5,3,1560
2013,5,4,1630
2013,5,5,1750
2013,5,6,1910
2013,5,7,2080
2013,5,8,2330
2013,5,9,2610
2013,5,10,3060
2013,5,11,3490
2013,5,12,3700
2013,5,13,4150
2013,5,14,4440
2013,5,15,4310
2013,5,16,3730
2013,5,17,3280
2013,5,18,2930
2013,5,19,2680
2013,5,20,2490
2013,5,21,2500
2013,5,22,2450
2013,5,23,2230
2013,5,24,2040
2013,5,25,1900
2013,5,26,1850
2013,5,27,1900
2013,5,28,1840
2013,5,29,1860
2013,5,30,1740
2013,5,31,1600
2013,6,1,1560
2013,6,2,1640
2013,6,3,1830
2013,6,4,1850
2013,6,5,1820
2013,6,6,1900
2013,6,7,1970
2013,6,8,2060
2013,6,9,1930
2013,6,10,1900
2013,6,11,1790
2013,6,12,1600
2013,6,13,1460
2013,6,14,1340
2013,6,15,1200
2013,6,16,1090
2013,6,17,1030
2013,6,18,992
2013,6,19,972
2013,6,20,996
2013,6,21,916
2013,6,22,859
2013,6,23,807
2013,6,24,781
2013,6,25,844
2013,6,26,1100
2013,6,27,995
2013,6,28,868
2013,6,29,796
2013,6,30,747
2013,7,1,704
2013,7,2,667
2013,7,3,649
2013,7,4,647
2013,7,5,610
2013,7,6,586
2013,7,7,557
2013,7,8,529
2013,7,9,511
2013,7,10,490
2013,7,11,476
2013,7,12,483
2013,7,13,458
2013,7,14,441
2013,7,15,430
2013,7,16,420
2013,7,17,414
2013,7,18,402
2013,7,19,391
2013,7,20,380
2013,7,21,368
2013,7,22,360
2013,7,23,352
2013,7,24,349
2013,7,25,351
2013,7,26,346
2013,7,27,343
2013,7,28,340
2013,7,29,331
2013,7,30,327
2013,7,31,320
2013,8,1,322
2013,8,2,318
2013,8,3,316
2013,8,4,310
2013,8,5,305
2013,8,6,297
2013,8,7,293
2013,8,8,293
2013,8,9,297
2013,8,10,296
2013,8,11,300
2013,8,12,305
2013,8,13,301
2013,8,14,289
2013,8,15,286
2013,8,16,283
2013,8,17,275
2013,8,18,273
2013,8,19,268
2013,8,20,266
2013,8,21,262
2013,8,22,266
2013,8,23,272
2013,8,24,276
2013,8,25,289
2013,8,26,292
2013,8,27,285
2013,8,28,281
2013,8,29,286
2013,8,30,272
2013,8,31,263
2013,9,1,259
2013,9,2,258
2013,9,3,269
2013,9,4,302
2013,9,5,301
2013,9,6,310
2013,9,7,283
2013,9,8,271
2013,9,9,268
2013,9,10,267
2013,9,11,264
2013,9,12,263
2013,9,13,299
2013,9,14,410
2013,9,15,339
2013,9,16,302
2013,9,17,288
2013,9,18,287
2013,9,19,298
2013,9,20,292
2013,9,21,281
2013,9,22,278
2013,9,23,287
2013,9,24,298
2013,9,25,342
2013,9,26,393
2013,9,27,369
2013,9,28,340
2013,9,29,388
2013,9,30,1440
2013,10,1,1220
2013,10,2,768
2013,10,3,636
2013,10,4,572
2013,10,5,523
2013,10,6,494
2013,10,7,471
2013,10,8,452
2013,10,9,440
2013,10,10,429
2013,10,11,417
2013,10,12,408
2013,10,13,402
2013,10,14,395
2013,10,15,388
2013,10,16,382
2013,10,17,378
2013,10,18,374
2013,10,19,369
2013,10,20,366
2013,10,21,361
2013,10,22,358
2013,10,23,355
2013,10,24,352
2013,10,25,349
2013,10,26,346
2013,10,27,343
2013,10,28,347
2013,10,29,375
2013,10,30,356
2013,10,31,350
2013,11,1,356
2013,11,2,352
2013,11,3,370
2013,11,4,355
2013,11,5,320
2013,11,6,349
2013,11,7,386
2013,11,8,480
2013,11,9,434
2013,11,10,400
2013,11,11,390
2013,11,12,383
2013,11,13,384
2013,11,14,385
2013,11,15,376
2013,11,16,384
2013,11,17,375
2013,11,18,350
2013,11,19,391
2013,11,20,523
2013,11,21,477
2013,11,22,337
2013,11,23,315
2013,11,24,332
2013,11,25,351
2013,11,26,382
2013,11,27,402
2013,11,28,408
2013,11,29,390
2013,11,30,392
2013,12,1,445
2013,12,2,675
2013,12,3,679
2013,12,4,460
2013,12,5,350
2013,12,6,240
2013,12,7,230
2013,12,8,230
2013,12,9,250
2013,12,10,290
2013,12,11,360
2013,12,12,370
2013,12,13,425
2013,12,14,460
2013,12,15,450
2013,12,16,420
2013,12,17,395
2013,12,18,391
2013,12,19,389
2013,12,20,345
2013,12,21,355
2013,12,22,364
2013,12,23,378
2013,12,24,379
2013,12,25,324
2013,12,26,300
2013,12,27,325
2013,12,28,340
2013,12,29,325
2013,12,30,320
2013,12,31,350
2014,1,1,373
2014,1,2,334
2014,1,3,336
2014,1,4,321
2014,1,5,277
2014,1,6,266
2014,1,7,298
2014,1,8,370
2014,1,9,392
2014,1,10,354
2014,1,11,365
2014,1,12,391
2014,1,13,364
2014,1,14,345
2014,1,15,316
2014,1,16,297
2014,1,17,301
2014,1,18,311
2014,1,19,311
2014,1,20,326
2014,1,21,339
2014,1,22,344
2014,1,23,358
2014,1,24,347
2014,1,25,343
2014,1,26,369
2014,1,27,382
2014,1,28,398
2014,1,29,428
2014,1,30,526
2014,1,31,438
2014,2,1,404
2014,2,2,400
2014,2,3,401
2014,2,4,362
2014,2,5,342
2014,2,6,344
2014,2,7,365
2014,2,8,375
2014,2,9,381
2014,2,10,393
2014,2,11,385
2014,2,12,420
2014,2,13,545
2014,2,14,653
2014,2,15,919
2014,2,16,917
2014,2,17,789
2014,2,18,693
2014,2,19,641
2014,2,20,571
2014,2,21,534
2014,2,22,504
2014,2,23,487
2014,2,24,482
2014,2,25,553
2014,2,26,780
2014,2,27,857
2014,2,28,988
2014,3,1,1000
2014,3,2,965
2014,3,3,1180
2014,3,4,1670
2014,3,5,1450
2014,3,6,2120
2014,3,7,2390
2014,3,8,1780
2014,3,9,1620
2014,3,10,2850
2014,3,11,2900
2014,3,12,2160
2014,3,13,1850
2014,3,14,1720
2014,3,15,1520
2014,3,16,1410
2014,3,17,1450
2014,3,18,1310
2014,3,19,1210
2014,3,20,1160
2014,3,21,1110
2014,3,22,1090
2014,3,23,1090
2014,3,24,1130
2014,3,25,1230
2014,3,26,1370
2014,3,27,1370
2014,3,28,1240
2014,3,29,1360
2014,3,30,1650
2014,3,31,1480
2014,4,1,1380
2014,4,2,1300
2014,4,3,1240
2014,4,4,1210
2014,4,5,1180
2014,4,6,1180
2014,4,7,1270
2014,4,8,1540
2014,4,9,2110
2014,4,10,2570
2014,4,11,2700
2014,4,12,2990
2014,4,13,3050
2014,4,14,2780
2014,4,15,2690
2014,4,16,2480
2014,4,17,2390
2014,4,18,2990
2014,4,19,3380
2014,4,20,3430
2014,4,21,3470
2014,4,22,3760
2014,4,23,3490
2014,4,24,3040
2014,4,25,2940
2014,4,26,2880
2014,4,27,2700
2014,4,28,2430
2014,4,29,2180
2014,4,30,2110
2014,5,1,2290
2014,5,2,2840
2014,5,3,3750
2014,5,4,4350
2014,5,5,4140
2014,5,6,3820
2014,5,7,3620
2014,5,8,3470
2014,5,9,3670
2014,5,10,3480
2014,5,11,3110
2014,5,12,2910
2014,5,13,2830
2014,5,14,2960
2014,5,15,3480
2014,5,16,4270
2014,5,17,5090
2014,5,18,5510
2014,5,19,4860
2014,5,20,4350
2014,5,21,4130
2014,5,22,4210
2014,5,23,4640
2014,5,24,5320
2014,5,25,5770
2014,5,26,5550
2014,5,27,5860
2014,5,28,5890
2014,5,29,5490
2014,5,30,4610
2014,5,31,4180
2014,6,1,4020
2014,6,2,4020
2014,6,3,4090
2014,6,4,4250
2014,6,5,4120
2014,6,6,4000
2014,6,7,3840
2014,6,8,3610
2014,6,9,3500
2014,6,10,3570
2014,6,11,3450
2014,6,12,3140
2014,6,13,3060
2014,6,14,2730
2014,6,15,2390
2014,6,16,2280
2014,6,17,2080
2014,6,18,1880
2014,6,19,1710
2014,6,20,1650
2014,6,21,1860
2014,6,22,1980
2014,6,23,2000
2014,6,24,2010
2014,6,25,2050
2014,6,26,1930
2014,6,27,1900
2014,6,28,1800
2014,6,29,1690
2014,6,30,1610
2014,7,1,1510
2014,7,2,1480
2014,7,3,1480
2014,7,4,1420
2014,7,5,1390
2014,7,6,1310
2014,7,7,1230
2014,7,8,1170
2014,7,9,1100
2014,7,10,1040
2014,7,11,983
2014,7,12,923
2014,7,13,874
2014,7,14,830
2014,7,15,792
2014,7,16,761
2014,7,17,728
2014,7,18,706
2014,7,19,667
2014,7,20,642
2014,7,21,662
2014,7,22,687
2014,7,23,644
2014,7,24,600
2014,7,25,576
2014,7,26,555
2014,7,27,534
2014,7,28,515
2014,7,29,518
2014,7,30,519
2014,7,31,545
2014,8,1,549
2014,8,2,510
2014,8,3,484
2014,8,4,491
2014,8,5,539
2014,8,6,630
2014,8,7,710
2014,8,8,734
2014,8,9,552
2014,8,10,531
2014,8,11,495
2014,8,12,467
2014,8,13,540
2014,8,14,666
2014,8,15,533
2014,8,16,470
2014,8,17,442
2014,8,18,418
2014,8,19,412
2014,8,20,403
2014,8,21,431
2014,8,22,411
2014,8,23,476
2014,8,24,428
2014,8,25,417
2014,8,26,426
2014,8,27,395
2014,8,28,366
2014,8,29,351
2014,8,30,339
2014,8,31,351
2014,9,1,360
2014,9,2,336
2014,9,3,334
2014,9,4,337
2014,9,5,354
2014,9,6,354
2014,9,7,346
2014,9,8,338
2014,9,9,334
2014,9,10,332
2014,9,11,334
2014,9,12,334
2014,9,13,332
2014,9,14,327
2014,9,15,321
2014,9,16,318
2014,9,17,318
2014,9,18,320
2014,9,19,328
2014,9,20,321
2014,9,21,317
2014,9,22,331
2014,9,23,342
2014,9,24,330
2014,9,25,314
2014,9,26,309
2014,9,27,335
2014,9,28,371
2014,9,29,600
2014,9,30,472
2014,10,1,442
2014,10,2,402
2014,10,3,389
2014,10,4,386
2014,10,5,374
2014,10,6,349
2014,10,7,341
2014,10,8,339
2014,10,9,334
2014,10,10,333
2014,10,11,337
2014,10,12,347
2014,10,13,342
2014,10,14,338
2014,10,15,342
2014,10,16,363
2014,10,17,351
2014,10,18,345
2014,10,19,340
2014,10,20,336
2014,10,21,408
2014,10,22,472
2014,10,23,427
2014,10,24,523
2014,10,25,523
2014,10,26,455
2014,10,27,446
2014,10,28,417
2014,10,29,408
2014,10,30,428
2014,10,31,430
2014,11,1,440
2014,11,2,569
2014,11,3,511
2014,11,4,453
2014,11,5,439
2014,11,6,435
2014,11,7,431
2014,11,8,438
2014,11,9,428
2014,11,10,469
2014,11,11,435
2014,11,12,379
2014,11,13,311
2014,11,14,424
2014,11,15,413
2014,11,16,323
2014,11,17,332
2014,11,18,373
2014,11,19,427
2014,11,20,508
2014,11,21,482
2014,11,22,566
2014,11,23,596
2014,11,24,540
2014,11,25,525
2014,11,26,757
2014,11,27,691
2014,11,28,711
2014,11,29,755
2014,11,30,770
2014,12,1,600
2014,12,2,644
2014,12,3,603
2014,12,4,687
2014,12,5,819
2014,12,6,778
2014,12,7,785
2014,12,8,727
2014,12,9,676
2014,12,10,646
2014,12,11,619
2014,12,12,672
2014,12,13,859
2014,12,14,811
2014,12,15,674
2014,12,16,691
2014,12,17,664
2014,12,18,632
2014,12,19,609
2014,12,20,591
2014,12,21,902
2014,12,22,1140
2014,12,23,868
2014,12,24,813
2014,12,25,772
2014,12,26,635
2014,12,27,574
2014,12,28,636
2014,12,29,604
2014,12,30,536
2014,12,31,456
2015,1,1,470
2015,1,2,490
2015,1,3,550
2015,1,4,600
2015,1,5,618
2015,1,6,606
2015,1,7,594
2015,1,8,603
2015,1,9,604
2015,1,10,602
2015,1,11,620
2015,1,12,606
2015,1,13,576
2015,1,14,494
2015,1,15,440
2015,1,16,565
2015,1,17,538
2015,1,18,633
2015,1,19,895
2015,1,20,758
2015,1,21,629
2015,1,22,622
2015,1,23,698
2015,1,24,678
2015,1,25,688
2015,1,26,639
2015,1,27,677
2015,1,28,749
2015,1,29,760
2015,1,30,735
2015,1,31,694
2015,2,1,720
2015,2,2,758
2015,2,3,804
2015,2,4,868
2015,2,5,910
2015,2,6,958
2015,2,7,2850
2015,2,8,3400
2015,2,9,3530
2015,2,10,3790
2015,2,11,3040
2015,2,12,2470
2015,2,13,2120
2015,2,14,1900
2015,2,15,1790
2015,2,16,1650
2015,2,17,1520
2015,2,18,1430
2015,2,19,1370
2015,2,20,1320
2015,2,21,1240
2015,2,22,1140
2015,2,23,987
2015,2,24,1040
2015,2,25,1010
2015,2,26,958
2015,2,27,926
2015,2,28,888
2015,3,1,842
2015,3,2,794
2015,3,3,801
2015,3,4,706
2015,3,5,713
2015,3,6,729
2015,3,7,738
2015,3,8,748
2015,3,9,787
2015,3,10,828
2015,3,11,901
2015,3,12,956
2015,3,13,1090
2015,3,14,1210
2015,3,15,1400
2015,3,16,1730
2015,3,17,1920
2015,3,18,2030
2015,3,19,1970
2015,3,20,1880
2015,3,21,1880
2015,3,22,1840
2015,3,23,1850
2015,3,24,1800
2015,3,25,1640
2015,3,26,1550
2015,3,27,1580
2015,3,28,1730
2015,3,29,1820
2015,3,30,1850
2015,3,31,1990
2015,4,1,2090
2015,4,2,1950
2015,4,3,1800
2015,4,4,1700
2015,4,5,1640
2015,4,6,1560
2015,4,7,1420
2015,4,8,1350
2015,4,9,1280
2015,4,10,1230
2015,4,11,1230
2015,4,12,1260
2015,4,13,1180
2015,4,14,1220
2015,4,15,1170
2015,4,16,1140
2015,4,17,1160
2015,4,18,1240
2015,4,19,1360
2015,4,20,1490
2015,4,21,1680
2015,4,22,1930
2015,4,23,2200
2015,4,24,2350
2015,4,25,2210
2015,4,26,1980
2015,4,27,1800
2015,4,28,1740
2015,4,29,1850
2015,4,30,2120
2015,5,1,2300
2015,5,2,2430
2015,5,3,2520
2015,5,4,2560
2015,5,5,2620
2015,5,6,2760
2015,5,7,2570
2015,5,8,2320
2015,5,9,2150
2015,5,10,2080
2015,5,11,2070
2015,5,12,2090
2015,5,13,2190
2015,5,14,2160
2015,5,15,2210
2015,5,16,2210
2015,5,17,2330
2015,5,18,2280
2015,5,19,2260
2015,5,20,2420
2015,5,21,2460
2015,5,22,2520
2015,5,23,2470
2015,5,24,2510
2015,5,25,2590
2015,5,26,2530
2015,5,27,2520
2015,5,28,2370
2015,5,29,2220
2015,5,30,2250
2015,5,31,2280
2015,6,1,2580
2015,6,2,2650
2015,6,3,2280
2015,6,4,2000
2015,6,5,1830
2015,6,6,1860
2015,6,7,1830
2015,6,8,1850
2015,6,9,1890
2015,6,10,1940
2015,6,11,1690
2015,6,12,1550
2015,6,13,1420
2015,6,14,1280
2015,6,15,1170
2015,6,16,1110
2015,6,17,1060
2015,6,18,1010
2015,6,19,961
2015,6,20,914
2015,6,21,878
2015,6,22,836
2015,6,23,796
2015,6,24,758
2015,6,25,734
2015,6,26,699
2015,6,27,673
2015,6,28,656
2015,6,29,635
2015,6,30,613
2015,7,1,592
2015,7,2,572
2015,7,3,553
2015,7,4,532
2015,7,5,528
2015,7,6,558
2015,7,7,534
2015,7,8,537
2015,7,9,581
2015,7,10,556
2015,7,11,574
2015,7,12,567
2015,7,13,540
2015,7,14,560
2015,7,15,510
2015,7,16,483
2015,7,17,465
2015,7,18,467
2015,7,19,506
2015,7,20,461
2015,7,21,437
2015,7,22,430
2015,7,23,456
2015,7,24,435
2015,7,25,416
2015,7,26,401
2015,7,27,398
2015,7,28,423
2015,7,29,399
2015,7,30,382
2015,7,31,367
2015,8,1,354
2015,8,2,343
2015,8,3,343
2015,8,4,358
2015,8,5,360
2015,8,6,480
2015,8,7,395
2015,8,8,379
2015,8,9,390
2015,8,10,358
2015,8,11,341
2015,8,12,327
2015,8,13,318
2015,8,14,309
2015,8,15,308
2015,8,16,304
2015,8,17,302
2015,8,18,299
2015,8,19,298
2015,8,20,295
2015,8,21,290
2015,8,22,285
2015,8,23,285
2015,8,24,282
2015,8,25,275
2015,8,26,269
2015,8,27,278
2015,8,28,277
2015,8,29,276
2015,8,30,279
2015,8,31,280
2015,9,1,278
2015,9,2,273
2015,9,3,273
2015,9,4,290
2015,9,5,319
2015,9,6,312
2015,9,7,305
2015,9,8,297
2015,9,9,290
2015,9,10,282
2015,9,11,275
2015,9,12,270
2015,9,13,266
2015,9,14,266
2015,9,15,350
2015,9,16,448
2015,9,17,423
2015,9,18,445
2015,9,19,379
2015,9,20,350
2015,9,21,334
2015,9,22,322
2015,9,23,314
2015,9,24,308
2015,9,25,306
2015,9,26,302
2015,9,27,297
2015,9,28,297
2015,9,29,296
2015,9,30,294
2015,10,1,301
2015,10,2,314
2015,10,3,313
2015,10,4,318
2015,10,5,313
2015,10,6,306
2015,10,7,302
2015,10,8,303
2015,10,9,301
2015,10,10,296
2015,10,11,291
2015,10,12,291
2015,10,13,293
2015,10,14,292
2015,10,15,292
2015,10,16,291
2015,10,17,290
2015,10,18,335
2015,10,19,380
2015,10,20,368
2015,10,21,338
2015,10,22,322
2015,10,23,316
2015,10,24,317
2015,10,25,312
2015,10,26,319
2015,10,27,319
2015,10,28,314
2015,10,29,331
2015,10,30,336
2015,10,31,390
2015,11,1,479
2015,11,2,574
2015,11,3,466
2015,11,4,431
2015,11,5,400
2015,11,6,388
2015,11,7,369
2015,11,8,358
2015,11,9,386
2015,11,10,396
2015,11,11,361
2015,11,12,358
2015,11,13,346
2015,11,14,357
2015,11,15,353
2015,11,16,361
2015,11,17,335
2015,11,18,375
2015,11,19,366
2015,11,20,402
2015,11,21,286
2015,11,22,248
2015,11,23,315
2015,11,24,410
2015,11,25,428
2015,11,26,357
2015,11,27,222
2015,11,28,188
2015,11,29,180
2015,11,30,180
2015,12,1,230
2015,12,2,290
2015,12,3,400
2015,12,4,437
2015,12,5,397
2015,12,6,364
2015,12,7,463
2015,12,8,787
2015,12,9,776
2015,12,10,767
2015,12,11,715
2015,12,12,589
2015,12,13,559
2015,12,14,541
2015,12,15,457
2015,12,16,415
2015,12,17,391
2015,12,18,454
2015,12,19,496
2015,12,20,491
2015,12,21,472
2015,12,22,452
2015,12,23,456
2015,12,24,440
2015,12,25,365
2015,12,26,270
2015,12,27,255
2015,12,28,300
2015,12,29,320
2015,12,30,330
2015,12,31,310
2016,1,1,335
2016,1,2,338
2016,1,3,398
2016,1,4,453
2016,1,5,448
2016,1,6,432
2016,1,7,416
2016,1,8,398
2016,1,9,392
2016,1,10,351
2016,1,11,288
2016,1,12,382
2016,1,13,434
2016,1,14,414
2016,1,15,391
2016,1,16,386
2016,1,17,386
2016,1,18,403
2016,1,19,406
2016,1,20,416
2016,1,21,404
2016,1,22,402
2016,1,23,414
2016,1,24,435
2016,1,25,403
2016,1,26,349
2016,1,27,360
2016,1,28,434
2016,1,29,466
2016,1,30,491
2016,1,31,449
2016,2,1,366
2016,2,2,351
2016,2,3,381
2016,2,4,453
2016,2,5,462
2016,2,6,436
2016,2,7,424
2016,2,8,409
2016,2,9,432
2016,2,10,485
2016,2,11,545
2016,2,12,594
2016,2,13,646
2016,2,14,714
2016,2,15,772
2016,2,16,935
2016,2,17,978
2016,2,18,1050
2016,2,19,1090
2016,2,20,977
2016,2,21,862
2016,2,22,814
2016,2,23,733
2016,2,24,715
2016,2,25,716
2016,2,26,733
2016,2,27,832
2016,2,28,864
2016,2,29,859
2016,3,1,853
2016,3,2,879
2016,3,3,929
2016,3,4,937
2016,3,5,1090
2016,3,6,1920
2016,3,7,2280
2016,3,8,1720
2016,3,9,1450
2016,3,10,1370
2016,3,11,1960
2016,3,12,2280
2016,3,13,2470
2016,3,14,2740
2016,3,15,2310
2016,3,16,1920
2016,3,17,1650
2016,3,18,1460
2016,3,19,1350
2016,3,20,1350
2016,3,21,1610
2016,3,22,1890
2016,3,23,1750
2016,3,24,1650
2016,3,25,1550
2016,3,26,1420
2016,3,27,1350
2016,3,28,1260
2016,3,29,1210
2016,3,30,1170
2016,3,31,1280
2016,4,1,1450
2016,4,2,1710
2016,4,3,2120
2016,4,4,2550
2016,4,5,2450
2016,4,6,2350
2016,4,7,2550
2016,4,8,3010
2016,4,9,3590
2016,4,10,4250
2016,4,11,4550
2016,4,12,4730
2016,4,13,5460
2016,4,14,5340
2016,4,15,4380
2016,4,16,3590
2016,4,17,3230
2016,4,18,3180
2016,4,19,3320
2016,4,20,3710
2016,4,21,4220
2016,4,22,4960
2016,4,23,5140
2016,4,24,4720
2016,4,25,4270
2016,4,26,3900
2016,4,27,3780
2016,4,28,3410
2016,4,29,3280
2016,4,30,3060
2016,5,1,2910
2016,5,2,2980
2016,5,3,3230
2016,5,4,3600
2016,5,5,3970
2016,5,6,4540
2016,5,7,4770
2016,5,8,4860
2016,5,9,5010
2016,5,10,4220
2016,5,11,3480
2016,5,12,3140
2016,5,13,3140
2016,5,14,3450
2016,5,15,3940
2016,5,16,3850
2016,5,17,3430
2016,5,18,3400
2016,5,19,3820
2016,5,20,3850
2016,5,21,3380
2016,5,22,2900
2016,5,23,2550
2016,5,24,2300
2016,5,25,2140
2016,5,26,2090
2016,5,27,2080
2016,5,28,2160
2016,5,29,2240
2016,5,30,2360
2016,5,31,2510
2016,6,1,2680
2016,6,2,2850
2016,6,3,2910
2016,6,4,3260
2016,6,5,3660
2016,6,6,3950
2016,6,7,3460
2016,6,8,3380
2016,6,9,3310
2016,6,10,2900
2016,6,11,2590
2016,6,12,2210
2016,6,13,1970
2016,6,14,1880
2016,6,15,1780
2016,6,16,1700
2016,6,17,1520
2016,6,18,1410
2016,6,19,1400
2016,6,20,1380
2016,6,21,1430
2016,6,22,1450
2016,6,23,1400
2016,6,24,1380
2016,6,25,1300
2016,6,26,1210
2016,6,27,1130
2016,6,28,1100
2016,6,29,1080
2016,6,30,1060
2016,7,1,1030
2016,7,2,986
2016,7,3,928
2016,7,4,883
2016,7,5,841
2016,7,6,804
2016,7,7,773
2016,7,8,738
2016,7,9,714
2016,7,10,725
2016,7,11,790
2016,7,12,723
2016,7,13,678
2016,7,14,644
2016,7,15,615
2016,7,16,594
2016,7,17,579
2016,7,18,559
2016,7,19,539
2016,7,20,526
2016,7,21,513
2016,7,22,497
2016,7,23,487
2016,7,24,483
2016,7,25,474
2016,7,26,462
2016,7,27,453
2016,7,28,444
2016,7,29,438
2016,7,30,431
2016,7,31,422
2016,8,1,414
2016,8,2,412
2016,8,3,402
2016,8,4,406
2016,8,5,404
2016,8,6,412
2016,8,7,398
2016,8,8,391
2016,8,9,386
2016,8,10,387
2016,8,11,387
2016,8,12,382
2016,8,13,372
2016,8,14,366
2016,8,15,361
2016,8,16,355
2016,8,17,353
2016,8,18,355
2016,8,19,348
2016,8,20,342
2016,8,21,338
2016,8,22,331
2016,8,23,329
2016,8,24,333
2016,8,25,335
2016,8,26,333
2016,8,27,331
2016,8,28,327
2016,8,29,323
2016,8,30,320
2016,8,31,318
2016,9,1,313
2016,9,2,310
2016,9,3,335
2016,9,4,345
2016,9,5,385
2016,9,6,366
2016,9,7,350
2016,9,8,340
2016,9,9,334
2016,9,10,330
2016,9,11,326
2016,9,12,324
2016,9,13,330
2016,9,14,367
2016,9,15,425
2016,9,16,367
2016,9,17,350
2016,9,18,345
2016,9,19,350
2016,9,20,343
2016,9,21,339
2016,9,22,369
2016,9,23,416
2016,9,24,372
2016,9,25,352
2016,9,26,346
2016,9,27,342
2016,9,28,337
2016,9,29,332
2016,9,30,330
2016,10,1,329
2016,10,2,331
2016,10,3,342
2016,10,4,351
2016,10,5,352
2016,10,6,357
2016,10,7,358
2016,10,8,351
2016,10,9,345
2016,10,10,341
2016,10,11,340
2016,10,12,338
2016,10,13,341
2016,10,14,385
2016,10,15,523
2016,10,16,628
2016,10,17,609
2016,10,18,599
2016,10,19,559
2016,10,20,507
2016,10,21,478
2016,10,22,475
2016,10,23,464
2016,10,24,456
2016,10,25,553
2016,10,26,592
2016,10,27,533
2016,10,28,523
2016,10,29,569
2016,10,30,562
2016,10,31,959
2016,11,1,882
2016,11,2,783
2016,11,3,705
2016,11,4,654
2016,11,5,615
2016,11,6,586
2016,11,7,559
2016,11,8,538
2016,11,9,521
2016,11,10,508
2016,11,11,496
2016,11,12,485
2016,11,13,475
2016,11,14,469
2016,11,15,498
2016,11,16,545
2016,11,17,506
2016,11,18,444
2016,11,19,479
2016,11,20,467
2016,11,21,458
2016,11,22,444
2016,11,23,450
2016,11,24,441
2016,11,25,425
2016,11,26,435
2016,11,27,433
2016,11,28,447
2016,11,29,405
2016,11,30,375
2016,12,1,431
2016,12,2,359
2016,12,3,397
2016,12,4,447
2016,12,5,384
2016,12,6,298
2016,12,7,351
2016,12,8,319
2016,12,9,474
2016,12,10,546
2016,12,11,511
2016,12,12,480
2016,12,13,422
2016,12,14,424
2016,12,15,480
2016,12,16,548
2016,12,17,428
2016,12,18,323
2016,12,19,373
2016,12,20,501
2016,12,21,483
2016,12,22,428
2016,12,23,370
2016,12,24,430
2016,12,25,480
2016,12,26,425
2016,12,27,384
2016,12,28,430
2016,12,29,405
2016,12,30,425
2016,12,31,408
2017,1,1,415
2017,1,2,426
2017,1,3,460
2017,1,4,482
2017,1,5,430
2017,1,6,360
2017,1,7,369
2017,1,8,405
2017,1,9,447
2017,1,10,506
2017,1,11,462
2017,1,12,443
2017,1,13,432
2017,1,14,430
2017,1,15,443
2017,1,16,432
2017,1,17,451
2017,1,18,493
2017,1,19,555
2017,1,20,540
2017,1,21,535
2017,1,22,498
2017,1,23,505
2017,1,24,465
2017,1,25,442
2017,1,26,476
2017,1,27,444
2017,1,28,435
2017,1,29,420
2017,1,30,480
2017,1,31,520
2017,2,1,540
2017,2,2,560
2017,2,3,610
2017,2,4,654
2017,2,5,712
2017,2,6,728
2017,2,7,798
2017,2,8,749
2017,2,9,1610
2017,2,10,5400
2017,2,11,3330
2017,2,12,2180
2017,2,13,1710
2017,2,14,1460
2017,2,15,1360
2017,2,16,1370
2017,2,17,1550
2017,2,18,1540
2017,2,19,1790
2017,2,20,1710
2017,2,21,2540
2017,2,22,2340
2017,2,23,1880
2017,2,24,1570
2017,2,25,1340
2017,2,26,1220
2017,2,27,1110
2017,2,28,1040
2017,3,1,946
2017,3,2,867
2017,3,3,859
2017,3,4,888
2017,3,5,881
2017,3,6,847
2017,3,7,822
2017,3,8,828
2017,3,9,1050
2017,3,10,2620
2017,3,11,3320
2017,3,12,2630
2017,3,13,2600
2017,3,14,2710
2017,3,15,3690
2017,3,16,6310
2017,3,17,6710
2017,3,18,6130
2017,3,19,7730
2017,3,20,8740
2017,3,21,7260
2017,3,22,8190
2017,3,23,6970
2017,3,24,6030
2017,3,25,5090
2017,3,26,4460
2017,3,27,3970
2017,3,28,3580
2017,3,29,3400
2017,3,30,4340
2017,3,31,4380
2017,4,1,4360
2017,4,2,4560
2017,4,3,4610
2017,4,4,4060
2017,4,5,3670
2017,4,6,3920
2017,4,7,4720
2017,4,8,5130
2017,4,9,4390
2017,4,10,3780
2017,4,11,3320
2017,4,12,3070
2017,4,13,3410
2017,4,14,3410
2017,4,15,3120
2017,4,16,2960
2017,4,17,3540
2017,4,18,4180
2017,4,19,4340
2017,4,20,4430
2017,4,21,4140
2017,4,22,4110
2017,4,23,4330
2017,4,24,4590
2017,4,25,4320
2017,4,26,4280
2017,4,27,4010
2017,4,28,3640
2017,4,29,3440
2017,4,30,3520
2017,5,1,3540
2017,5,2,3830
2017,5,3,4390
2017,5,4,5160
2017,5,5,6990
2017,5,6,9780
2017,5,7,11800
2017,5,8,9380
2017,5,9,8820
2017,5,10,8900
2017,5,11,9380
2017,5,12,10300
2017,5,13,8790
2017,5,14,6920
2017,5,15,5750
2017,5,16,5330
2017,5,17,4790
2017,5,18,4150
2017,5,19,3790
2017,5,20,3710
2017,5,21,3920
2017,5,22,4850
2017,5,23,6210
2017,5,24,7870
2017,5,25,8300
2017,5,26,6740
2017,5,27,5820
2017,5,28,5980
2017,5,29,6890
2017,5,30,7840
2017,5,31,8980
2017,6,1,9830
2017,6,2,8770
2017,6,3,8100
2017,6,4,8510
2017,6,5,9020
2017,6,6,7730
2017,6,7,7370
2017,6,8,8540
2017,6,9,7390
2017,6,10,6100
2017,6,11,4870
2017,6,12,4360
2017,6,13,4500
2017,6,14,3820
2017,6,15,3620
2017,6,16,4040
2017,6,17,4590
2017,6,18,4820
2017,6,19,5420
2017,6,20,6080
2017,6,21,6920
2017,6,22,5990
2017,6,23,4790
2017,6,24,4260
2017,6,25,4150
2017,6,26,4310
2017,6,27,4510
2017,6,28,4200
2017,6,29,3700
2017,6,30,3120
2017,7,1,3000
2017,7,2,2910
2017,7,3,2870
2017,7,4,2910
2017,7,5,2700
2017,7,6,2670
2017,7,7,2480
2017,7,8,2370
2017,7,9,2270
2017,7,10,2180
2017,7,11,2030
2017,7,12,1840
2017,7,13,1680
2017,7,14,1610
2017,7,15,1540
2017,7,16,1490
2017,7,17,1410
2017,7,18,1310
2017,7,19,1230
2017,7,20,1170
2017,7,21,1110
2017,7,22,1060
2017,7,23,1010
2017,7,24,981
2017,7,25,962
2017,7,26,989
2017,7,27,963
2017,7,28,913
2017,7,29,877
2017,7,30,834
2017,7,31,799
2017,8,1,771
2017,8,2,752
2017,8,3,723
2017,8,4,703
2017,8,5,684
2017,8,6,671
2017,8,7,665
2017,8,8,667
2017,8,9,650
2017,8,10,639
2017,8,11,633
2017,8,12,618
2017,8,13,601
2017,8,14,631
2017,8,15,613
2017,8,16,584
2017,8,17,565
2017,8,18,551
2017,8,19,536
2017,8,20,526
2017,8,21,519
2017,8,22,515
2017,8,23,507
2017,8,24,529
2017,8,25,507
2017,8,26,488
2017,8,27,477
2017,8,28,467
2017,8,29,466
2017,8,30,456
2017,8,31,462
2017,9,1,451
2017,9,2,445
2017,9,3,438
2017,9,4,428
2017,9,5,424
2017,9,6,426
2017,9,7,425
2017,9,8,422
2017,9,9,431
2017,9,10,444
2017,9,11,428
2017,9,12,417
2017,9,13,417
2017,9,14,417
2017,9,15,437
2017,9,16,439
2017,9,17,435
2017,9,18,452
2017,9,19,617
2017,9,20,582
2017,9,21,625
2017,9,22,588
2017,9,23,556
2017,9,24,529
2017,9,25,512
2017,9,26,502
2017,9,27,496
2017,9,28,489
2017,9,29,480
2017,9,30,491